security_id,historical_ticker,company_security_name,provider_symbol_examined,exchange,isin,cusip,other_eodhd_identifiers,membership_entry,membership_entry_status,membership_exit,ticker_changes_observed,ticker_reuse_status,identity_confidence,input_identity_unresolved,input_ticker_reuse_unresolved,input_terminal_event_low,first_eod_bar,last_eod_bar,membership_expected_sessions,membership_available_sessions,membership_missing_sessions,membership_coverage_pct,post_removal_1,post_removal_5,post_removal_10,post_removal_20,post_removal_60,sixty_sessions_required_in_test_window,trading_appears_to_terminate,eodhd_fact_observed,inference_not_fact,terminal_event_classification,terminal_event_confidence,terminal_event_resolved,duplicate_dates,impossible_ohlc,suspicious_zero_prices,raw_close_discontinuities_ge_80pct,adjustment_factor_changes,potential_adjustment_inconsistencies,split_adjustment_assessment,pit_status,exact_missing_fact_or_data
0a78b0da-3b12-5483-acc9-d9e092613960,ADT,ADT Inc,ADT,NYSE,US00090Q1031,00090Q103,"{""CIK"":""0001703056"",""CUSIP"":""00090Q103"",""ISIN"":""US00090Q1031"",""OpenFigi"":""BBG000BP9WJ1""}",2012-10-01,RESOLVED_EXACT,2016-05-03,[],TICKER_REUSE_CONFIRMED,UNRESOLVED,True,True,False,2018-01-19,2026-09-25,901,0,901,0.0,False,False,False,False,False,False,False,HistoricalTickerComponents classification inputs: event=INDEX_REMOVAL_STILL_TRADING; last cached EOD bar=2026-09-25,"price series continues beyond index removal, but historical identity is not established",INDEX_REMOVAL_STILL_TRADING,HIGH,False,0,0,0,[],265,[],FACTOR_CHANGES_OBSERVED_REQUIRES_ACTION_LEDGER,NOT_RELEVANT_TO_TEST_WINDOW,"dated historical security crosswalk with stable issuer/security identifiers; effective old/new ticker chain proving the historical security, not the reused ticker"
acd3ae5a-c9c6-5a03-97cc-5535070d5b36,AET,Aetna Inc,AET,NYSE,US00817Y1082,008140105,"{""CIK"":""0001122304"",""CUSIP"":""008140105"",""ISIN"":""US00817Y1082"",""LEI"":""549300QKBENKLBXQ8968""}",2012-04-01,PRE_HISTORY_MEMBER,2018-12-03,[],NO_REUSE_EVIDENCE,HIGH,False,False,True,1997-12-31,2018-11-28,1679,1677,2,99.88088147706968,False,False,False,False,False,False,True,HistoricalTickerComponents classification inputs: event=DELISTING; last cached EOD bar=2018-11-28; EODHD historical constituent is marked delisted,trading appears to terminate; legal event type and consideration are unknown,DELISTING,LOW,False,0,0,0,[],1104,[],FACTOR_CHANGES_OBSERVED_REQUIRES_ACTION_LEDGER,NOT_RELEVANT_TO_TEST_WINDOW,"verified legal terminal event/effective date and delisting reason; cash/stock/CVR terms, successor ratio/identifier, or insolvency recovery as applicable"
31f9c361-fccb-5579-beea-3ba9c6aba0e1,AGN,Allergan plc,AGN,NYSE,USG0177J1081,942683103,"{""CIK"":""0001578845"",""CUSIP"":""942683103"",""ISIN"":""USG0177J1081""}",2015-06-15,RESOLVED_EXACT,2020-05-12,[],NO_REUSE_EVIDENCE,HIGH,False,False,True,1993-02-17,2020-05-08,1236,1235,1,99.91909385113269,False,False,False,False,False,False,True,HistoricalTickerComponents classification inputs: event=DELISTING; last cached EOD bar=2020-05-08; EODHD historical constituent is marked delisted,trading appears to terminate; legal event type and consideration are unknown,DELISTING,LOW,False,0,0,0,[],119,[],FACTOR_CHANGES_OBSERVED_REQUIRES_ACTION_LEDGER,NOT_RELEVANT_TO_TEST_WINDOW,"verified legal terminal event/effective date and delisting reason; cash/stock/CVR terms, successor ratio/identifier, or insolvency recovery as applicable"
67f85773-2269-5148-bdee-7c6b9de6b73f,ALTR,Altair Engineering Inc,ALTR,NASDAQ,US0213691035,021369103,"{""CIK"":""0001701732"",""CUSIP"":""021369103"",""ISIN"":""US0213691035"",""LEI"":""549300FJ89HZ6GU9S994"",""OpenFigi"":""BBG000PN9NB9""}",2012-04-01,PRE_HISTORY_MEMBER,2015-12-29,[],TICKER_REUSE_CONFIRMED,UNRESOLVED,True,True,False,2017-11-01,2025-03-25,941,0,941,0.0,False,False,False,False,False,False,False,HistoricalTickerComponents classification inputs: event=INDEX_REMOVAL_STILL_TRADING; last cached EOD bar=2025-03-25,"price series continues beyond index removal, but historical identity is not established",INDEX_REMOVAL_STILL_TRADING,HIGH,False,0,0,0,[],0,[],NO_FACTOR_CHANGE_OBSERVED,NOT_RELEVANT_TO_TEST_WINDOW,"dated historical security crosswalk with stable issuer/security identifiers; effective old/new ticker chain proving the historical security, not the reused ticker"
0855e687-02ff-5ecd-8198-d2bda8f0e8b2,ANDV,Andeavor,ANDV,NYSE,US03349M1053,03349M105,"{""CIK"":""0000050104"",""CUSIP"":""03349M105"",""ISIN"":""US03349M1053"",""LEI"":""CMTK1YBYNLPLIS3QLI53""}",2012-04-01,PRE_HISTORY_MEMBER,2018-10-01,[],NO_REUSE_EVIDENCE,HIGH,False,False,True,1997-12-31,2018-09-28,1635,1635,0,100.0,False,False,False,False,False,False,True,HistoricalTickerComponents classification inputs: event=DELISTING; last cached EOD bar=2018-09-28; EODHD historical constituent is marked delisted,trading appears to terminate; legal event type and consideration are unknown,DELISTING,LOW,False,0,0,0,[],991,"[""2007-05-30""]",FACTOR_CHANGES_OBSERVED_REQUIRES_ACTION_LEDGER,NOT_RELEVANT_TO_TEST_WINDOW,"verified legal terminal event/effective date and delisting reason; cash/stock/CVR terms, successor ratio/identifier, or insolvency recovery as applicable"
55c6155c-0421-5652-a85c-ffdb0c9a3b4c,APC_OLD,Anadarko Petroleum Corp,APC_old,NASDAQ,US0325111070,032511107,"{""CIK"":""0000773910"",""CUSIP"":""032511107"",""ISIN"":""US0325111070"",""LEI"":""B78FQ7XBQFLP4AYJ6F79""}",2012-04-01,PRE_HISTORY_MEMBER,2019-08-09,[],NO_REUSE_EVIDENCE,HIGH,False,False,True,1997-12-31,2019-08-08,1850,1850,0,100.0,False,False,False,False,False,False,True,HistoricalTickerComponents classification inputs: event=DELISTING; last cached EOD bar=2019-08-08; EODHD historical constituent is marked delisted,trading appears to terminate; legal event type and consideration are unknown,DELISTING,LOW,False,0,0,0,"[""2003-09-10""]",186,"[""1998-07-02""]",FACTOR_CHANGES_OBSERVED_REQUIRES_ACTION_LEDGER,NOT_RELEVANT_TO_TEST_WINDOW,"verified legal terminal event/effective date and delisting reason; cash/stock/CVR terms, successor ratio/identifier, or insolvency recovery as applicable"
ab4f61c7-5bb4-56e3-8d5d-e62a5ed4ed39,ARG,Airgas Inc,ARG,NYSE,NONE,009363102,"{""CIK"":""0000804212"",""CUSIP"":""009363102""}",2009-09-28,RESOLVED_EXACT,2016-05-23,[],NO_REUSE_EVIDENCE,HIGH,False,False,True,1997-12-31,2016-05-20,1041,1041,0,100.0,False,False,False,False,False,False,True,HistoricalTickerComponents classification inputs: event=DELISTING; last cached EOD bar=2016-05-20; EODHD historical constituent is marked delisted,trading appears to terminate; legal event type and consideration are unknown,DELISTING,LOW,False,0,0,0,[],104,[],FACTOR_CHANGES_OBSERVED_REQUIRES_ACTION_LEDGER,NOT_RELEVANT_TO_TEST_WINDOW,"verified legal terminal event/effective date and delisting reason; cash/stock/CVR terms, successor ratio/identifier, or insolvency recovery as applicable"
317de3ce-33b7-5f20-963f-bb66dafe198b,BCR,C.R. Bard Inc,BCR,NYSE,NONE,067383109,"{""CIK"":""0000009892"",""CUSIP"":""067383109""}",2012-04-01,PRE_HISTORY_MEMBER,2018-01-03,[],NO_REUSE_EVIDENCE,HIGH,False,False,True,1997-12-31,2017-12-28,1448,1446,2,99.86187845303867,False,False,False,False,False,False,True,HistoricalTickerComponents classification inputs: event=DELISTING; last cached EOD bar=2017-12-28; EODHD historical constituent is marked delisted,trading appears to terminate; legal event type and consideration are unknown,DELISTING,LOW,False,0,0,0,"[""2003-09-10""]",119,[],FACTOR_CHANGES_OBSERVED_REQUIRES_ACTION_LEDGER,NOT_RELEVANT_TO_TEST_WINDOW,"verified legal terminal event/effective date and delisting reason; cash/stock/CVR terms, successor ratio/identifier, or insolvency recovery as applicable"
d91f9fcd-27e8-50c0-97d9-d791d47f2456,BEAM,Beam Therapeutics Inc,BEAM,NASDAQ,US07373V1052,07373V105,"{""CIK"":""0001745999"",""CUSIP"":""07373V105"",""ISIN"":""US07373V1052"",""OpenFigi"":""BBG00KXC8646""}",2012-04-01,PRE_HISTORY_MEMBER,2014-05-01,[],TICKER_REUSE_CONFIRMED,UNRESOLVED,True,True,False,2020-02-06,2026-09-25,522,0,522,0.0,False,False,False,False,False,False,False,HistoricalTickerComponents classification inputs: event=INDEX_REMOVAL_STILL_TRADING; last cached EOD bar=2026-09-25,"price series continues beyond index removal, but historical identity is not established",INDEX_REMOVAL_STILL_TRADING,HIGH,False,0,0,0,[],0,[],NO_FACTOR_CHANGE_OBSERVED,NOT_RELEVANT_TO_TEST_WINDOW,"dated historical security crosswalk with stable issuer/security identifiers; effective old/new ticker chain proving the historical security, not the reused ticker"
0dd84f63-46db-5bef-b9e5-22ccbf5a6d64,BMC,Bmc Software Inc,BMC,NASDAQ,NONE,055921100,"{""CIK"":""0000835729"",""CUSIP"":""055921100""}",2012-04-01,PRE_HISTORY_MEMBER,2013-09-11,[],NO_REUSE_EVIDENCE,HIGH,False,False,True,1997-12-31,2013-09-10,362,362,0,100.0,False,False,False,False,False,False,True,HistoricalTickerComponents classification inputs: event=DELISTING; last cached EOD bar=2013-09-10; EODHD historical constituent is marked delisted,trading appears to terminate; legal event type and consideration are unknown,DELISTING,LOW,False,0,0,0,[],0,[],NO_FACTOR_CHANGE_OBSERVED,NOT_RELEVANT_TO_TEST_WINDOW,"verified legal terminal event/effective date and delisting reason; cash/stock/CVR terms, successor ratio/identifier, or insolvency recovery as applicable"
bd9e2c4c-a3c0-5d1e-aa9b-1f35f1e66824,BRCM,Broadcom Corp,BRCM,NASDAQ,NONE,111320107,"{""CIK"":""0001054374"",""CUSIP"":""111320107""}",2012-04-01,PRE_HISTORY_MEMBER,2016-02-01,[],NO_REUSE_EVIDENCE,HIGH,False,False,True,1998-04-17,2016-01-29,963,963,0,100.0,False,False,False,False,False,False,True,HistoricalTickerComponents classification inputs: event=DELISTING; last cached EOD bar=2016-01-29; EODHD historical constituent is marked delisted,trading appears to terminate; legal event type and consideration are unknown,DELISTING,LOW,False,0,0,0,[],264,"[""1999-02-18"", ""2000-02-14""]",FACTOR_CHANGES_OBSERVED_REQUIRES_ACTION_LEDGER,NOT_RELEVANT_TO_TEST_WINDOW,"verified legal terminal event/effective date and delisting reason; cash/stock/CVR terms, successor ratio/identifier, or insolvency recovery as applicable"
9261000d-6687-5229-8145-9642addef9be,BXLT,Baxalta Inc,BXLT,NYSE,NONE,07177M103,"{""CIK"":""0001620546"",""CUSIP"":""07177M103""}",2015-07-01,RESOLVED_EXACT,2016-06-03,[],NO_REUSE_EVIDENCE,HIGH,False,False,True,2015-07-01,2016-06-02,233,233,0,100.0,False,False,False,False,False,False,True,HistoricalTickerComponents classification inputs: event=DELISTING; last cached EOD bar=2016-06-02; EODHD historical constituent is marked delisted,trading appears to terminate; legal event type and consideration are unknown,DELISTING,LOW,False,0,0,0,[],3,[],FACTOR_CHANGES_OBSERVED_REQUIRES_ACTION_LEDGER,NOT_RELEVANT_TO_TEST_WINDOW,"verified legal terminal event/effective date and delisting reason; cash/stock/CVR terms, successor ratio/identifier, or insolvency recovery as applicable"
6e5429c5-a5e4-5062-84d6-6023b3a4a79f,CAM_OLD,Cameron International Corp,CAM_old,NYSE,NONE,13342B105,"{""CIK"":""0000941548"",""CUSIP"":""13342B105""}",2012-04-01,PRE_HISTORY_MEMBER,2016-04-04,[],NO_REUSE_EVIDENCE,HIGH,False,False,True,1997-12-31,2016-04-01,1006,1006,0,100.0,False,False,False,False,False,False,True,HistoricalTickerComponents classification inputs: event=DELISTING; last cached EOD bar=2016-04-01; EODHD historical constituent is marked delisted,trading appears to terminate; legal event type and consideration are unknown,DELISTING,LOW,False,0,0,0,"[""2003-09-10""]",706,[],FACTOR_CHANGES_OBSERVED_REQUIRES_ACTION_LEDGER,NOT_RELEVANT_TO_TEST_WINDOW,"verified legal terminal event/effective date and delisting reason; cash/stock/CVR terms, successor ratio/identifier, or insolvency recovery as applicable"
321d0b39-fe68-5f0f-bf76-e3bdc0f0741f,CA_OLD,CA Technologies,CA_old,NASDAQ,US12673P1057,204912109,"{""CIK"":""0000356028"",""CUSIP"":""204912109"",""ISIN"":""US12673P1057"",""LEI"":""Y7ET3D9SDOFUZ515FE28""}",2012-04-01,PRE_HISTORY_MEMBER,2018-11-06,[],NO_REUSE_EVIDENCE,HIGH,False,False,True,1997-12-31,2018-11-05,1661,1661,0,100.0,False,False,False,False,False,False,True,HistoricalTickerComponents classification inputs: event=DELISTING; last cached EOD bar=2018-11-05; EODHD historical constituent is marked delisted,trading appears to terminate; legal event type and consideration are unknown,DELISTING,LOW,False,0,0,0,[],0,[],NO_FACTOR_CHANGE_OBSERVED,NOT_RELEVANT_TO_TEST_WINDOW,"verified legal terminal event/effective date and delisting reason; cash/stock/CVR terms, successor ratio/identifier, or insolvency recovery as applicable"
923fd61d-b24d-5a8e-aacd-8fd9d50a8c6c,CBE,Cooper Industries plc,CBE,NYSE,NONE,G24182100,"{""CIK"":""0001141982"",""CUSIP"":""G24182100""}",2011-11-18,RESOLVED_EXACT,2012-12-03,[],NO_REUSE_EVIDENCE,HIGH,False,False,True,1972-06-01,2012-11-30,168,168,0,100.0,False,False,False,False,False,False,True,HistoricalTickerComponents classification inputs: event=DELISTING; last cached EOD bar=2012-11-30; EODHD historical constituent is marked delisted,trading appears to terminate; legal event type and consideration are unknown,DELISTING,LOW,False,0,0,0,"[""1992-06-01"", ""1992-06-08"", ""1992-06-09"", ""1992-06-17"", ""1992-06-18"", ""1992-07-13"", ""1992-07-15"", ""1992-09-04"", ""1992-09-08"", ""1992-10-15"", ""1992-10-16"", ""1992-11-02"", ""1992-11-03"", ""1992-11-11"", ""1992-11-12"", ""1993-01-06"", ""1993-01-07"", ""1993-01-12"", ""1993-01-13"", ""1993-02-02"", ""1993-02-04"", ""1993-02-08"", ""1993-02-09"", ""1993-02-12"", ""1993-02-16"", ""1993-03-03"", ""1993-03-04"", ""1993-03-26"", ""1993-03-30"", ""1993-04-12"", ""1993-04-21"", ""1993-05-20"", ""1993-05-24"", ""1993-07-14"", ""1993-07-15"", ""1993-08-05"", ""1993-08-06"", ""1993-08-16"", ""1993-08-17"", ""1993-11-01"", ""1993-11-02"", ""1993-11-11"", ""1993-11-12"", ""1993-12-22"", ""1994-04-04"", ""1994-04-12"", ""1994-05-12"", ""1994-05-17"", ""1994-05-23"", ""1994-07-05"", ""1994-07-14"", ""1994-08-11"", ""1994-08-15"", ""1994-10-31"", ""1994-11-11"", ""1995-04-17"", ""1995-05-01"", ""1995-05-08"", ""1995-05-25"", ""1995-06-05"", ""1995-07-11"", ""1995-07-14"", ""1995-08-14"", ""1995-11-01"", ""1996-03-13"", ""1996-04-01"", ""1996-04-08"", ""1996-04-12"", ""1996-04-18"", ""1996-05-01"", ""1996-05-03"", ""1996-05-08"", ""1996-05-16"", ""1996-06-10"", ""1996-06-12"", ""1996-07-29"", ""1996-08-05"", ""1997-03-13"", ""1997-03-31"", ""1997-05-01"", ""1997-05-19"", ""1997-10-01"", ""1997-10-16"", ""1997-10-29"", ""1997-11-12"", ""1997-11-25"", ""1998-03-23"", ""1998-04-14"", ""1998-04-24"", ""1998-05-04"", ""1998-05-11"", ""1998-05-22"", ""1998-06-02"", ""1998-07-15"", ""1998-10-01"", ""1998-10-02"", ""1998-11-11"", ""1998-11-12"", ""1998-11-16"", ""1998-11-17"", ""1998-12-24"", ""1998-12-28"", ""1998-12-31"", ""1999-01-04"", ""1999-04-05"", ""1999-04-06"", ""1999-05-25"", ""1999-07-14"", ""1999-07-15"", ""1999-11-01"", ""1999-11-02"", ""1999-12-31"", ""2000-01-03"", ""2000-04-24"", ""2000-05-01"", ""2000-05-30"", ""2000-06-12"", ""2000-07-14"", ""2000-07-28"", ""2000-08-01"", ""2000-12-27"", ""2001-01-09"", ""2001-01-10"", ""2001-01-18"", ""2001-01-19"", ""2001-01-24"", ""2001-01-25"", ""2001-01-26"", ""2001-01-29"", ""2001-02-22"", ""2001-02-23"", ""2001-03-14"", ""2001-03-15"", ""2001-04-03"", ""2001-04-12"", ""2001-04-30"", ""2001-05-01"", ""2001-05-03"", ""2001-05-04"", ""2001-05-07"", ""2001-05-08"", ""2001-05-11"", ""2001-05-14"", ""2001-05-24"", ""2001-05-25"", ""2001-07-13"", ""2001-07-16"", ""2001-08-01"", ""2001-08-02"", ""2001-08-03"", ""2001-08-06"", ""2001-08-10"", ""2001-08-13"", ""2001-08-23"", ""2001-08-24"", ""2001-08-27"", ""2001-08-28"", ""2001-08-31"", ""2001-09-04"", ""2001-09-06"", ""2001-09-07"", ""2001-09-10"", ""2001-09-20"", ""2001-09-24"", ""2001-09-25"", ""2001-09-28"", ""2001-10-01"", ""2001-10-10"", ""2001-10-11"", ""2001-10-23"", ""2001-10-24"", ""2001-10-26"", ""2001-10-29"", ""2001-11-26"", ""2002-05-15"", ""2002-05-16"", ""2002-06-18"", ""2002-10-15"", ""2002-10-16"", ""2003-10-08"", ""2003-10-09"", ""2003-10-24"", ""2004-01-05"", ""2004-01-06"", ""2004-01-07"", ""2004-01-09"", ""2004-01-12"", ""2004-01-13"", ""2004-01-14"", ""2004-01-15"", ""2004-01-16"", ""2004-01-22"", ""2004-01-23"", ""2004-01-27"", ""2004-01-28"", ""2004-01-29"", ""2004-02-02"", ""2004-02-04"", ""2004-02-05"", ""2004-02-09"", ""2004-02-10"", ""2004-02-11"", ""2004-02-12"", ""2004-02-13"", ""2004-02-17"", ""2004-02-19"", ""2004-02-20"", ""2004-02-23"", ""2004-02-26"", ""2004-02-27"", ""2004-03-01"", ""2004-03-03"", ""2004-03-05"", ""2004-03-08"", ""2004-03-09"", ""2004-03-10"", ""2004-03-15"", ""2004-03-22"", ""2004-03-23"", ""2004-03-24"", ""2004-03-25"", ""2004-03-26"", ""2004-03-30"", ""2004-03-31"", ""2004-04-01"", ""2004-04-02"", ""2004-04-05"", ""2004-04-06"", ""2004-04-07"", ""2004-04-12"", ""2004-04-14"", ""2004-04-16"", ""2004-04-19"", ""2004-04-20"", ""2004-04-22"", ""2004-04-23"", ""2004-04-26"", ""2004-04-27"", ""2004-05-03"", ""2004-05-04"", ""2004-05-06"", ""2004-05-07"", ""2004-05-12"", ""2004-05-17"", ""2004-05-19"", ""2004-05-26"", ""2004-05-28"", ""2004-06-07"", ""2004-06-09"", ""2004-06-14"", ""2004-06-16"", ""2004-06-18"", ""2004-06-21"", ""2004-06-22"", ""2004-06-23"", ""2004-06-28"", ""2004-06-30"", ""2004-07-06"", ""2004-07-07"", ""2004-07-12"", ""2004-07-14"", ""2004-07-20"", ""2004-07-21"", ""2004-07-23"", ""2004-07-26"", ""2004-07-29"", ""2004-08-02"", ""2004-08-03"", ""2004-08-04"", ""2004-08-05"", ""2004-08-06"", ""2004-08-10"", ""2004-08-11"", ""2004-08-17"", ""2004-08-18"", ""2004-08-19"", ""2004-08-20"", ""2004-08-23"", ""2004-08-25"", ""2004-08-26"", ""2004-09-01"", ""2004-09-07"", ""2004-09-08"", ""2004-09-16"", ""2004-09-17"", ""2004-09-20"", ""2004-09-22"", ""2004-09-29"", ""2004-09-30"", ""2004-10-05"", ""2004-10-06"", ""2004-10-08"", ""2004-10-11"", ""2004-10-18"", ""2004-10-19"", ""2004-10-20"", ""2004-10-22"", ""2004-10-25"", ""2004-10-27"", ""2004-11-01"", ""2004-11-02"", ""2004-11-05"", ""2004-11-08"", ""2004-11-10"", ""2004-11-11"", ""2004-11-16"", ""2004-11-17"", ""2004-11-23"", ""2004-11-29"", ""2004-12-01"", ""2004-12-06"", ""2004-12-07"", ""2004-12-08"", ""2004-12-17"", ""2004-12-20"", ""2004-12-21"", ""2004-12-23"", ""2004-12-31"", ""2005-01-03"", ""2005-01-10"", ""2005-01-11"", ""2005-01-12"", ""2005-01-13"", ""2005-01-18"", ""2005-01-19"", ""2005-01-31"", ""2005-02-03"", ""2005-02-10"", ""2005-02-14"", ""2005-02-15"", ""2005-02-17"", ""2005-02-22"", ""2005-02-25"", ""2005-03-01"", ""2005-03-04"", ""2005-03-07"", ""2005-03-09"", ""2005-03-11"", ""2005-03-15"", ""2005-03-17"", ""2005-03-18"", ""2005-03-21"", ""2005-03-22"", ""2005-03-23"", ""2005-03-31"", ""2005-04-04"", ""2005-04-05"", ""2005-04-11"", ""2005-04-12"", ""2005-04-26"", ""2005-04-27"", ""2005-04-28"", ""2005-05-02"", ""2005-05-04"", ""2005-05-05"", ""2005-05-16"", ""2005-05-17"", ""2005-05-19"", ""2005-05-23"", ""2005-05-25"", ""2005-06-01"", ""2005-06-02"", ""2005-06-03"", ""2005-06-06"", ""2005-06-09"", ""2005-06-13"", ""2005-06-14"", ""2005-06-16"", ""2005-06-21"", ""2005-06-28"", ""2005-07-01"", ""2005-07-05"", ""2005-07-06"", ""2005-07-08"", ""2005-07-11"", ""2005-07-13"", ""2005-07-15"", ""2005-07-25"", ""2005-07-27"", ""2005-08-04"", ""2005-08-08"", ""2005-08-11"", ""2005-08-12"", ""2005-08-16"", ""2005-08-17"", ""2005-08-19"", ""2005-08-22"", ""2005-08-24"", ""2005-08-25"", ""2005-08-29"", ""2005-08-30"", ""2005-09-02"", ""2005-09-06"", ""2005-09-07"", ""2005-09-13"", ""2005-09-14"", ""2005-09-16"", ""2005-09-21"", ""2005-09-22"", ""2005-09-23"", ""2005-09-27"", ""2005-09-28"", ""2005-09-29"", ""2005-10-03"", ""2005-10-05"", ""2005-10-11"", ""2005-10-13"", ""2005-10-14"", ""2005-10-18"", ""2005-11-01"", ""2005-11-02"", ""2005-11-04"", ""2005-11-08"", ""2005-11-09"", ""2005-11-10"", ""2005-11-11"", ""2005-11-15"", ""2005-11-16"", ""2005-11-18"", ""2005-11-25"", ""2005-11-30"", ""2005-12-05"", ""2005-12-06"", ""2005-12-07"", ""2005-12-12"", ""2005-12-14"", ""2005-12-16"", ""2005-12-19"", ""2005-12-20"", ""2005-12-21"", ""2005-12-23"", ""2005-12-29"", ""2006-01-04"", ""2006-01-06"", ""2006-01-12"", ""2006-01-19"", ""2006-01-20"", ""2006-01-23"", ""2006-01-24"", ""2006-01-26"", ""2006-01-27"", ""2006-01-31"", ""2006-02-01"", ""2006-02-02"", ""2006-02-08"", ""2006-02-09"", ""2006-02-14"", ""2006-02-15"", ""2006-02-16"", ""2006-02-21"", ""2006-02-27"", ""2006-03-01"", ""2006-03-02"", ""2006-03-03"", ""2006-03-07"", ""2006-03-08"", ""2006-03-10"", ""2006-03-13"", ""2006-03-14"", ""2006-03-15"", ""2006-03-16"", ""2006-03-17"", ""2006-03-20"", ""2006-03-22"", ""2006-03-28"", ""2006-03-30"", ""2006-03-31"", ""2006-04-04"", ""2006-04-06"", ""2006-04-10"", ""2006-04-11"", ""2006-04-13"", ""2006-04-18"", ""2006-04-20"", ""2006-04-24"", ""2006-04-27"", ""2006-04-28"", ""2006-05-01"", ""2006-05-04"", ""2006-05-05"", ""2006-05-09"", ""2006-05-12"", ""2006-05-15"", ""2006-05-16"", ""2006-05-17"", ""2006-05-18"", ""2006-05-19"", ""2006-05-24"", ""2006-05-25"", ""2006-05-31"", ""2006-06-06"", ""2006-06-07"", ""2006-06-09"", ""2006-06-19"", ""2006-06-20"", ""2006-06-21"", ""2006-06-22"", ""2006-06-29"", ""2006-06-30"", ""2006-07-05"", ""2006-07-06"", ""2006-07-07"", ""2006-07-11"", ""2006-07-12"", ""2006-07-13"", ""2006-08-04"", ""2006-08-07"", ""2006-08-10"", ""2006-08-14"", ""2006-08-16"", ""2006-08-17"", ""2006-08-21"", ""2006-08-24"", ""2006-08-31"", ""2006-09-01"", ""2006-09-06"", ""2006-09-07"", ""2007-02-23"", ""2007-02-27""]",6306,"[""1992-06-01"", ""1992-06-08"", ""1992-06-09"", ""1992-06-17"", ""1992-06-18"", ""1992-07-13"", ""1992-07-15"", ""1992-09-04"", ""1992-09-08"", ""1992-10-15"", ""1992-10-16"", ""1992-11-02"", ""1992-11-03"", ""1992-11-11"", ""1992-11-12"", ""1993-01-06"", ""1993-01-07"", ""1993-01-12"", ""1993-01-13"", ""1993-02-02"", ""1993-02-04"", ""1993-02-08"", ""1993-02-09"", ""1993-02-12"", ""1993-02-16"", ""1993-03-03"", ""1993-03-04"", ""1993-03-26"", ""1993-03-30"", ""1993-04-12"", ""1993-04-21"", ""1993-05-20"", ""1993-05-24"", ""1993-07-14"", ""1993-07-15"", ""1993-08-05"", ""1993-08-06"", ""1993-08-16"", ""1993-08-17"", ""1993-11-01"", ""1993-11-02"", ""1993-11-11"", ""1993-11-12"", ""1993-12-22"", ""1994-04-04"", ""1994-04-12"", ""1994-05-12"", ""1994-05-17"", ""1994-05-23"", ""1994-07-05"", ""1994-07-14"", ""1994-08-11"", ""1994-08-15"", ""1994-10-31"", ""1994-11-11"", ""1995-04-17"", ""1995-05-01"", ""1995-05-08"", ""1995-05-25"", ""1995-06-05"", ""1995-07-11"", ""1995-07-14"", ""1995-08-14"", ""1995-11-01"", ""1996-03-13"", ""1996-04-01"", ""1996-04-08"", ""1996-04-12"", ""1996-04-18"", ""1996-05-01"", ""1996-05-03"", ""1996-05-08"", ""1996-05-16"", ""1996-06-10"", ""1996-06-12"", ""1996-07-29"", ""1996-08-05"", ""1997-03-13"", ""1997-03-31"", ""1997-05-01"", ""1997-05-19"", ""1997-10-01"", ""1997-10-16"", ""1997-10-29"", ""1997-11-12"", ""1998-03-23"", ""1998-04-14"", ""1998-04-24"", ""1998-05-04"", ""1998-05-11"", ""1998-05-22"", ""1998-06-02"", ""1998-07-15"", ""1998-10-01"", ""1998-10-02"", ""1998-11-11"", ""1998-11-12"", ""1998-11-16"", ""1998-11-17"", ""1998-12-24"", ""1998-12-28"", ""1998-12-31"", ""1999-01-04"", ""1999-04-05"", ""1999-04-06"", ""1999-05-25"", ""1999-07-14"", ""1999-07-15"", ""1999-11-01"", ""1999-11-02"", ""1999-12-31"", ""2000-01-03"", ""2000-04-24"", ""2000-05-01"", ""2000-05-30"", ""2000-07-14"", ""2000-07-28"", ""2000-08-01"", ""2000-12-27"", ""2001-01-09"", ""2001-01-10"", ""2001-01-18"", ""2001-01-19"", ""2001-01-24"", ""2001-01-25"", ""2001-01-26"", ""2001-01-29"", ""2001-02-22"", ""2001-02-23"", ""2001-03-14"", ""2001-03-15"", ""2001-04-03"", ""2001-04-12"", ""2001-04-30"", ""2001-05-01"", ""2001-05-03"", ""2001-05-04"", ""2001-05-07"", ""2001-05-08"", ""2001-05-11"", ""2001-05-14"", ""2001-05-24"", ""2001-05-25"", ""2001-07-13"", ""2001-07-16"", ""2001-08-01"", ""2001-08-02"", ""2001-08-03"", ""2001-08-06"", ""2001-08-10"", ""2001-08-13"", ""2001-08-23"", ""2001-08-24"", ""2001-08-27"", ""2001-08-28"", ""2001-08-31"", ""2001-09-04"", ""2001-09-06"", ""2001-09-07"", ""2001-09-10"", ""2001-09-20"", ""2001-09-24"", ""2001-09-25"", ""2001-09-28"", ""2001-10-01"", ""2001-10-10"", ""2001-10-11"", ""2001-10-23"", ""2001-10-24"", ""2001-10-26"", ""2001-10-29"", ""2001-11-26"", ""2002-05-15"", ""2002-05-16"", ""2002-06-18"", ""2002-10-15"", ""2002-10-16"", ""2003-09-10"", ""2003-10-08"", ""2003-10-09"", ""2003-10-24"", ""2003-11-26"", ""2004-01-05"", ""2004-01-06"", ""2004-01-07"", ""2004-01-09"", ""2004-01-12"", ""2004-01-13"", ""2004-01-14"", ""2004-01-15"", ""2004-01-16"", ""2004-01-22"", ""2004-01-23"", ""2004-01-27"", ""2004-01-28"", ""2004-01-29"", ""2004-02-02"", ""2004-02-04"", ""2004-02-05"", ""2004-02-09"", ""2004-02-10"", ""2004-02-11"", ""2004-02-12"", ""2004-02-13"", ""2004-02-17"", ""2004-02-19"", ""2004-02-20"", ""2004-02-23"", ""2004-02-26"", ""2004-02-27"", ""2004-03-01"", ""2004-03-03"", ""2004-03-08"", ""2004-03-09"", ""2004-03-10"", ""2004-03-15"", ""2004-03-22"", ""2004-03-23"", ""2004-03-24"", ""2004-03-25"", ""2004-03-26"", ""2004-03-30"", ""2004-03-31"", ""2004-04-01"", ""2004-04-02"", ""2004-04-05"", ""2004-04-06"", ""2004-04-07"", ""2004-04-12"", ""2004-04-14"", ""2004-04-16"", ""2004-04-19"", ""2004-04-20"", ""2004-04-22"", ""2004-04-23"", ""2004-04-26"", ""2004-04-27"", ""2004-05-03"", ""2004-05-04"", ""2004-05-06"", ""2004-05-07"", ""2004-05-12"", ""2004-05-17"", ""2004-05-19"", ""2004-05-26"", ""2004-05-28"", ""2004-06-07"", ""2004-06-09"", ""2004-06-14"", ""2004-06-16"", ""2004-06-18"", ""2004-06-21"", ""2004-06-22"", ""2004-06-23"", ""2004-06-28"", ""2004-06-30"", ""2004-07-06"", ""2004-07-07"", ""2004-07-12"", ""2004-07-14"", ""2004-07-20"", ""2004-07-21"", ""2004-07-23"", ""2004-07-26"", ""2004-07-29"", ""2004-08-02"", ""2004-08-03"", ""2004-08-04"", ""2004-08-05"", ""2004-08-06"", ""2004-08-10"", ""2004-08-11"", ""2004-08-17"", ""2004-08-18"", ""2004-08-23"", ""2004-08-25"", ""2004-08-26"", ""2004-09-01"", ""2004-09-07"", ""2004-09-08"", ""2004-09-20"", ""2004-09-22"", ""2004-10-05"", ""2004-10-06"", ""2004-10-08"", ""2004-10-11"", ""2004-10-18"", ""2004-10-19"", ""2004-10-20"", ""2004-10-22"", ""2004-10-25"", ""2004-10-27"", ""2004-11-01"", ""2004-11-02"", ""2004-11-05"", ""2004-11-08"", ""2004-11-10"", ""2004-11-11"", ""2004-11-16"", ""2004-11-17"", ""2004-11-23"", ""2004-11-29"", ""2004-12-01"", ""2004-12-06"", ""2004-12-07"", ""2004-12-08"", ""2004-12-17"", ""2004-12-20"", ""2004-12-21"", ""2004-12-23"", ""2004-12-31"", ""2005-01-03"", ""2005-01-10"", ""2005-01-11"", ""2005-01-12"", ""2005-01-13"", ""2005-01-18"", ""2005-01-19"", ""2005-01-31"", ""2005-02-03"", ""2005-02-14"", ""2005-02-15"", ""2005-02-17"", ""2005-02-22"", ""2005-02-25"", ""2005-03-01"", ""2005-03-04"", ""2005-03-07"", ""2005-03-09"", ""2005-03-11"", ""2005-03-15"", ""2005-03-17"", ""2005-03-18"", ""2005-03-21"", ""2005-03-22"", ""2005-03-23"", ""2005-03-31"", ""2005-04-04"", ""2005-04-05"", ""2005-04-11"", ""2005-04-12"", ""2005-04-26"", ""2005-04-27"", ""2005-04-28"", ""2005-05-02"", ""2005-05-04"", ""2005-05-05"", ""2005-05-16"", ""2005-05-17"", ""2005-05-19"", ""2005-05-23"", ""2005-05-25"", ""2005-06-01"", ""2005-06-02"", ""2005-06-03"", ""2005-06-06"", ""2005-06-09"", ""2005-06-13"", ""2005-06-14"", ""2005-06-16"", ""2005-06-21"", ""2005-06-28"", ""2005-07-01"", ""2005-07-05"", ""2005-07-06"", ""2005-07-08"", ""2005-07-11"", ""2005-07-13"", ""2005-07-15"", ""2005-07-25"", ""2005-07-27"", ""2005-08-04"", ""2005-08-08"", ""2005-08-11"", ""2005-08-12"", ""2005-08-16"", ""2005-08-17"", ""2005-08-19"", ""2005-08-22"", ""2005-08-24"", ""2005-08-25"", ""2005-08-29"", ""2005-08-30"", ""2005-09-02"", ""2005-09-06"", ""2005-09-07"", ""2005-09-13"", ""2005-09-14"", ""2005-09-16"", ""2005-09-21"", ""2005-09-22"", ""2005-09-23"", ""2005-09-27"", ""2005-09-28"", ""2005-09-29"", ""2005-10-03"", ""2005-10-05"", ""2005-10-11"", ""2005-10-13"", ""2005-10-14"", ""2005-10-18"", ""2005-11-01"", ""2005-11-02"", ""2005-11-04"", ""2005-11-08"", ""2005-11-09"", ""2005-11-10"", ""2005-11-11"", ""2005-11-15"", ""2005-11-16"", ""2005-11-18"", ""2005-11-25"", ""2005-11-30"", ""2005-12-05"", ""2005-12-06"", ""2005-12-07"", ""2005-12-12"", ""2005-12-14"", ""2005-12-16"", ""2005-12-19"", ""2005-12-20"", ""2005-12-21"", ""2005-12-23"", ""2005-12-29"", ""2006-01-04"", ""2006-01-06"", ""2006-01-12"", ""2006-01-19"", ""2006-01-20"", ""2006-01-23"", ""2006-01-24"", ""2006-01-26"", ""2006-01-27"", ""2006-01-31"", ""2006-02-01"", ""2006-02-02"", ""2006-02-08"", ""2006-02-09"", ""2006-02-14"", ""2006-02-15"", ""2006-02-16"", ""2006-02-21"", ""2006-02-27"", ""2006-03-01"", ""2006-03-02"", ""2006-03-03"", ""2006-03-07"", ""2006-03-08"", ""2006-03-10"", ""2006-03-13"", ""2006-03-14"", ""2006-03-15"", ""2006-03-16"", ""2006-03-17"", ""2006-03-20"", ""2006-03-22"", ""2006-03-28"", ""2006-03-30"", ""2006-03-31"", ""2006-04-04"", ""2006-04-06"", ""2006-04-18"", ""2006-04-20"", ""2006-04-24"", ""2006-04-27"", ""2006-04-28"", ""2006-05-01"", ""2006-05-04"", ""2006-05-05"", ""2006-05-09"", ""2006-05-16"", ""2006-05-17"", ""2006-05-18"", ""2006-05-19"", ""2006-05-24"", ""2006-05-25"", ""2006-05-31"", ""2006-06-06"", ""2006-06-07"", ""2006-06-19"", ""2006-06-20"", ""2006-06-21"", ""2006-06-22"", ""2006-06-29"", ""2006-06-30"", ""2006-07-05"", ""2006-07-06"", ""2006-07-07"", ""2006-07-11"", ""2006-07-12"", ""2006-07-13"", ""2006-08-04"", ""2006-08-07"", ""2006-08-10"", ""2006-08-14"", ""2006-08-16"", ""2006-08-17"", ""2006-08-21"", ""2006-08-24"", ""2006-08-31"", ""2006-09-01"", ""2006-09-06"", ""2006-09-07"", ""2007-02-23"", ""2007-02-27""]",FACTOR_CHANGES_OBSERVED_REQUIRES_ACTION_LEDGER,NOT_RELEVANT_TO_TEST_WINDOW,"verified legal terminal event/effective date and delisting reason; cash/stock/CVR terms, successor ratio/identifier, or insolvency recovery as applicable"
928bd35d-b21d-5066-a9d1-c714565558f9,CFN,CareFusion Corp,CFN,NYSE,NONE,14170T101,"{""CIK"":""0001457543"",""CUSIP"":""14170T101""}",2012-04-01,PRE_HISTORY_MEMBER,2015-03-18,[],NO_REUSE_EVIDENCE,HIGH,False,False,True,2009-08-21,2015-03-16,743,742,1,99.86541049798116,False,False,False,False,False,False,True,HistoricalTickerComponents classification inputs: event=DELISTING; last cached EOD bar=2015-03-16; EODHD historical constituent is marked delisted,trading appears to terminate; legal event type and consideration are unknown,DELISTING,LOW,False,0,0,0,[],0,[],NO_FACTOR_CHANGE_OBSERVED,NOT_RELEVANT_TO_TEST_WINDOW,"verified legal terminal event/effective date and delisting reason; cash/stock/CVR terms, successor ratio/identifier, or insolvency recovery as applicable"
021fbd8b-a48c-5773-88d3-8bb59b6e5083,CMCSK,Comcast Corp,CMCSK,NASDAQ,NONE,20030N101,"{""CIK"":""0001166691"",""CUSIP"":""20030N101""}",2015-09-21,RESOLVED_EXACT,2015-12-14,[],NO_REUSE_EVIDENCE,HIGH,False,False,True,1997-12-31,2015-12-11,59,59,0,100.0,False,False,False,False,False,False,True,HistoricalTickerComponents classification inputs: event=DELISTING; last cached EOD bar=2015-12-11; EODHD historical constituent is marked delisted,trading appears to terminate; legal event type and consideration are unknown,DELISTING,LOW,False,0,0,0,[],597,"[""1999-05-06""]",FACTOR_CHANGES_OBSERVED_REQUIRES_ACTION_LEDGER,NOT_RELEVANT_TO_TEST_WINDOW,"verified legal terminal event/effective date and delisting reason; cash/stock/CVR terms, successor ratio/identifier, or insolvency recovery as applicable"
d34f5f86-4e64-514b-916a-52cc556aae2c,COL,Rockwell Collins Inc,COL,NYSE,US7743411016,774341101,"{""CIK"":""0001137411"",""CUSIP"":""774341101"",""ISIN"":""US7743411016"",""LEI"":""XO75O7GICH1NPWLBRL05""}",2012-04-01,PRE_HISTORY_MEMBER,2018-12-03,[],NO_REUSE_EVIDENCE,HIGH,False,False,True,2001-06-15,2018-11-26,1679,1675,4,99.76176295413937,False,False,False,False,False,False,True,HistoricalTickerComponents classification inputs: event=DELISTING; last cached EOD bar=2018-11-26; EODHD historical constituent is marked delisted,trading appears to terminate; legal event type and consideration are unknown,DELISTING,LOW,False,0,0,0,"[""2016-06-01""]",71,[],FACTOR_CHANGES_OBSERVED_REQUIRES_ACTION_LEDGER,NOT_RELEVANT_TO_TEST_WINDOW,"verified legal terminal event/effective date and delisting reason; cash/stock/CVR terms, successor ratio/identifier, or insolvency recovery as applicable"
0143cd54-b290-520c-bc59-cfd4173c859d,COV,Covidien plc,COV,NYSE,USG2554F1134,G2552X108,"{""CIK"":""0001385187"",""CUSIP"":""G2552X108"",""ISIN"":""USG2554F1134""}",2011-02-28,RESOLVED_EXACT,2015-01-27,[],NO_REUSE_EVIDENCE,HIGH,False,False,True,2007-06-14,2012-06-15,708,53,655,7.4858757062146895,False,False,False,False,False,False,True,HistoricalTickerComponents classification inputs: event=DELISTING; last cached EOD bar=2012-06-15; EODHD historical constituent is marked delisted,trading appears to terminate; legal event type and consideration are unknown,DELISTING,LOW,False,0,0,0,[],19,[],FACTOR_CHANGES_OBSERVED_REQUIRES_ACTION_LEDGER,NOT_RELEVANT_TO_TEST_WINDOW,"verified legal terminal event/effective date and delisting reason; cash/stock/CVR terms, successor ratio/identifier, or insolvency recovery as applicable"
79f87ece-9db5-56b6-b688-358f26304dec,CPGX,Columbia Pipeline Group Inc,CPGX,NYSE,NONE,198280109,"{""CIK"":""0001629995"",""CUSIP"":""198280109""}",2015-07-02,RESOLVED_EXACT,2016-07-06,[],NO_REUSE_EVIDENCE,HIGH,False,False,True,2015-07-02,2016-06-30,254,252,2,99.21259842519686,False,False,False,False,False,False,True,HistoricalTickerComponents classification inputs: event=DELISTING; last cached EOD bar=2016-06-30; EODHD historical constituent is marked delisted,trading appears to terminate; legal event type and consideration are unknown,DELISTING,LOW,False,0,0,0,[],4,[],FACTOR_CHANGES_OBSERVED_REQUIRES_ACTION_LEDGER,NOT_RELEVANT_TO_TEST_WINDOW,"verified legal terminal event/effective date and delisting reason; cash/stock/CVR terms, successor ratio/identifier, or insolvency recovery as applicable"
9498cff9-ac1a-53f6-a610-be2089c4e548,CSRA_OLD,CSRA Inc,CSRA_old,NYSE,US12650T1043,12650T104,"{""CIK"":""0001646383"",""CUSIP"":""12650T104"",""ISIN"":""US12650T1043"",""LEI"":""549300ZQYPQCMBYDE824""}",2015-11-30,RESOLVED_EXACT,2018-04-04,[],NO_REUSE_EVIDENCE,HIGH,False,False,True,2015-11-16,2018-04-03,589,589,0,100.0,False,False,False,False,False,False,True,HistoricalTickerComponents classification inputs: event=DELISTING; last cached EOD bar=2018-04-03; EODHD historical constituent is marked delisted,trading appears to terminate; legal event type and consideration are unknown,DELISTING,LOW,False,0,0,0,[],10,[],FACTOR_CHANGES_OBSERVED_REQUIRES_ACTION_LEDGER,NOT_RELEVANT_TO_TEST_WINDOW,"verified legal terminal event/effective date and delisting reason; cash/stock/CVR terms, successor ratio/identifier, or insolvency recovery as applicable"
6ed2b8ae-82f2-5be7-b8c9-5a31f5db5bca,CVC,Cablevision Systems Corp,CVC,NYSE,NONE,12686C844,"{""CIK"":""0001053112"",""CUSIP"":""12686C844""}",2010-12-17,RESOLVED_EXACT,2016-06-24,[],NO_REUSE_EVIDENCE,HIGH,False,False,True,1997-12-31,2016-06-20,1064,1061,3,99.71804511278195,False,False,False,False,False,False,True,HistoricalTickerComponents classification inputs: event=DELISTING; last cached EOD bar=2016-06-20; EODHD historical constituent is marked delisted,trading appears to terminate; legal event type and consideration are unknown,DELISTING,LOW,False,0,0,0,[],75,"[""1998-03-31"", ""1998-08-24""]",FACTOR_CHANGES_OBSERVED_REQUIRES_ACTION_LEDGER,NOT_RELEVANT_TO_TEST_WINDOW,"verified legal terminal event/effective date and delisting reason; cash/stock/CVR terms, successor ratio/identifier, or insolvency recovery as applicable"
2863e58d-0d2d-5577-992f-2f83686b8c64,CVH,Coventry Health Care Inc,CVH,NYSE,NONE,222862104,"{""CIK"":""0001054833"",""CUSIP"":""222862104""}",2012-04-01,PRE_HISTORY_MEMBER,2013-05-09,[],NO_REUSE_EVIDENCE,HIGH,False,False,True,1997-12-31,2013-05-06,276,274,2,99.27536231884058,False,False,False,False,False,False,True,HistoricalTickerComponents classification inputs: event=DELISTING; last cached EOD bar=2013-05-06; EODHD historical constituent is marked delisted,trading appears to terminate; legal event type and consideration are unknown,DELISTING,LOW,False,0,0,0,[],231,[],FACTOR_CHANGES_OBSERVED_REQUIRES_ACTION_LEDGER,NOT_RELEVANT_TO_TEST_WINDOW,"verified legal terminal event/effective date and delisting reason; cash/stock/CVR terms, successor ratio/identifier, or insolvency recovery as applicable"
055fda01-092c-5a95-836e-b8132095e9a1,CXO,Concho Resources Inc,CXO,NYSE,US20605P1012,20605P101,"{""CIK"":""0001358071"",""CUSIP"":""20605P101"",""ISIN"":""US20605P1012"",""LEI"":""SYHS7HRDXLL4I0IQ8776""}",2016-02-22,RESOLVED_EXACT,2021-01-21,[],NO_REUSE_EVIDENCE,HIGH,False,False,True,2007-08-03,2021-01-19,1238,1237,1,99.91922455573506,False,False,False,False,False,False,True,HistoricalTickerComponents classification inputs: event=DELISTING; last cached EOD bar=2021-01-19; EODHD historical constituent is marked delisted,trading appears to terminate; legal event type and consideration are unknown,DELISTING,LOW,False,0,0,0,[],8,[],FACTOR_CHANGES_OBSERVED_REQUIRES_ACTION_LEDGER,NOT_RELEVANT_TO_TEST_WINDOW,"verified legal terminal event/effective date and delisting reason; cash/stock/CVR terms, successor ratio/identifier, or insolvency recovery as applicable"
944a65bf-de42-5687-a16c-831aacf2dabd,DEN,Denbury Inc.,DEN,NYSE,US24790A1016,24790A101,"{""CIK"":""0000945764"",""CUSIP"":""24790A101"",""ISIN"":""US24790A1016"",""OpenFigi"":""BBG00XJDVWJ3""}",2012-04-01,PRE_HISTORY_MEMBER,2015-03-23,[],TICKER_REUSE_CONFIRMED,UNRESOLVED,True,True,False,2020-09-21,2023-11-03,746,0,746,0.0,False,False,False,False,False,False,False,HistoricalTickerComponents classification inputs: event=INDEX_REMOVAL_STILL_TRADING; last cached EOD bar=2023-11-03,"price series continues beyond index removal, but historical identity is not established",INDEX_REMOVAL_STILL_TRADING,HIGH,False,0,0,0,[],0,[],NO_FACTOR_CHANGE_OBSERVED,NOT_RELEVANT_TO_TEST_WINDOW,"dated historical security crosswalk with stable issuer/security identifiers; effective old/new ticker chain proving the historical security, not the reused ticker"
a1e17149-2ec1-5b50-a543-a4c8057ff0c1,DTV,DTE Energy Co,DTV,NYSE,US2333318838,233331883,"{""CIK"":""0000936340"",""CUSIP"":""233331883"",""ISIN"":""US2333318838"",""LEI"":""549300IX8SD6XXD71I78""}",2012-04-01,PRE_HISTORY_MEMBER,2015-07-29,[],TICKER_REUSE_CONFIRMED,UNRESOLVED,True,True,False,2016-10-11,2019-09-30,835,0,835,0.0,False,False,False,False,False,False,False,HistoricalTickerComponents classification inputs: event=INDEX_REMOVAL_STILL_TRADING; last cached EOD bar=2019-09-30,"price series continues beyond index removal, but historical identity is not established",INDEX_REMOVAL_STILL_TRADING,HIGH,False,0,0,0,[],13,[],FACTOR_CHANGES_OBSERVED_REQUIRES_ACTION_LEDGER,NOT_RELEVANT_TO_TEST_WINDOW,"dated historical security crosswalk with stable issuer/security identifiers; effective old/new ticker chain proving the historical security, not the reused ticker"
a44a54d3-722e-5910-8fe5-a8bf37aba2f6,EMC,Global X Emerging Markets Great Consumer ETF,EMC,NYSE ARCA,NONE,NONE,"{""OpenFigi"":""BBG01GJX6FP3""}",2012-04-01,PRE_HISTORY_MEMBER,2016-09-08,[],TICKER_REUSE_CONFIRMED,UNRESOLVED,True,True,False,2023-05-15,2026-09-25,1116,0,1116,0.0,False,False,False,False,False,False,False,HistoricalTickerComponents classification inputs: event=INDEX_REMOVAL_STILL_TRADING; last cached EOD bar=2026-09-25,"price series continues beyond index removal, but historical identity is not established",INDEX_REMOVAL_STILL_TRADING,HIGH,False,0,0,0,[],6,[],FACTOR_CHANGES_OBSERVED_REQUIRES_ACTION_LEDGER,NOT_RELEVANT_TO_TEST_WINDOW,"dated historical security crosswalk with stable issuer/security identifiers; effective old/new ticker chain proving the historical security, not the reused ticker"
073313f8-e302-5cbe-81b1-3a834d825f51,ESRX,Express Scripts Holding Co,ESRX,NASDAQ,US30219G1085,302182100,"{""CIK"":""0001532063"",""CUSIP"":""302182100"",""ISIN"":""US30219G1085""}",2003-09-25,RESOLVED_EXACT,2018-12-24,[],NO_REUSE_EVIDENCE,HIGH,False,False,True,1997-12-31,2018-12-20,1693,1692,1,99.94093325457767,False,False,False,False,False,False,True,HistoricalTickerComponents classification inputs: event=DELISTING; last cached EOD bar=2018-12-20; EODHD historical constituent is marked delisted,trading appears to terminate; legal event type and consideration are unknown,DELISTING,LOW,False,0,0,0,[],1378,"[""1998-11-02"", ""2001-06-25""]",FACTOR_CHANGES_OBSERVED_REQUIRES_ACTION_LEDGER,NOT_RELEVANT_TO_TEST_WINDOW,"verified legal terminal event/effective date and delisting reason; cash/stock/CVR terms, successor ratio/identifier, or insolvency recovery as applicable"
a0afae3e-866d-5600-88ac-6030a3acd034,ETFC,E*TRADE Financial LLC,ETFC,NASDAQ,US2692461047,269246401,"{""CIK"":""0001015780"",""CUSIP"":""269246401"",""ISIN"":""US2692461047""}",2012-04-01,PRE_HISTORY_MEMBER,2020-10-07,[],NO_REUSE_EVIDENCE,HIGH,False,False,True,1996-08-16,2020-10-02,2143,2141,2,99.9066728884741,False,False,False,False,False,False,True,HistoricalTickerComponents classification inputs: event=DELISTING; last cached EOD bar=2020-10-02; EODHD historical constituent is marked delisted,trading appears to terminate; legal event type and consideration are unknown,DELISTING,LOW,False,0,0,0,"[""2010-06-02""]",182,[],FACTOR_CHANGES_OBSERVED_REQUIRES_ACTION_LEDGER,NOT_RELEVANT_TO_TEST_WINDOW,"verified legal terminal event/effective date and delisting reason; cash/stock/CVR terms, successor ratio/identifier, or insolvency recovery as applicable"
96b9bdc9-3728-586b-b319-3db396482812,EVHC,Envision Healthcare Holdings,EVHC,NYSE,US03232P4054,29413U103,"{""CIK"":""0001678531"",""CUSIP"":""29413U103"",""ISIN"":""US03232P4054""}",2016-12-02,RESOLVED_EXACT,2018-10-11,[],NO_REUSE_EVIDENCE,HIGH,False,False,True,2013-08-14,2018-10-10,467,467,0,100.0,False,False,False,False,False,False,True,HistoricalTickerComponents classification inputs: event=DELISTING; last cached EOD bar=2018-10-10; EODHD historical constituent is marked delisted,trading appears to terminate; legal event type and consideration are unknown,DELISTING,LOW,False,0,0,0,"[""2016-12-02""]",1,[],FACTOR_CHANGES_OBSERVED_REQUIRES_ACTION_LEDGER,NOT_RELEVANT_TO_TEST_WINDOW,"verified legal terminal event/effective date and delisting reason; cash/stock/CVR terms, successor ratio/identifier, or insolvency recovery as applicable"
aa0a90f0-d401-5d54-a79c-7f5ad2637878,FDO,Family Dollar Stores Inc,FDO,NYSE,NONE,307000109,"{""CIK"":""0000034408"",""CUSIP"":""307000109""}",2012-04-01,PRE_HISTORY_MEMBER,2015-07-09,[],NO_REUSE_EVIDENCE,HIGH,False,False,True,1997-12-31,2015-07-06,821,819,2,99.7563946406821,False,False,False,False,False,False,True,HistoricalTickerComponents classification inputs: event=DELISTING; last cached EOD bar=2015-07-06; EODHD historical constituent is marked delisted,trading appears to terminate; legal event type and consideration are unknown,DELISTING,LOW,False,0,0,0,[],0,[],NO_FACTOR_CHANGE_OBSERVED,NOT_RELEVANT_TO_TEST_WINDOW,"verified legal terminal event/effective date and delisting reason; cash/stock/CVR terms, successor ratio/identifier, or insolvency recovery as applicable"
2f3fc920-4941-55e4-83d4-663b44f739d3,FRX,Forest Road Acquisition Corp.,FRX,NYSE,US0734631015,073463101,"{""CIK"":""0001826889"",""CUSIP"":""073463101"",""ISIN"":""US0734631015""}",2012-04-01,PRE_HISTORY_MEMBER,2014-07-01,[],TICKER_REUSE_CONFIRMED,UNRESOLVED,True,True,False,2021-01-15,2021-06-25,564,0,564,0.0,False,False,False,False,False,False,False,HistoricalTickerComponents classification inputs: event=INDEX_REMOVAL_STILL_TRADING; last cached EOD bar=2021-06-25,"price series continues beyond index removal, but historical identity is not established",INDEX_REMOVAL_STILL_TRADING,HIGH,False,0,0,0,[],0,[],NO_FACTOR_CHANGE_OBSERVED,NOT_RELEVANT_TO_TEST_WINDOW,"dated historical security crosswalk with stable issuer/security identifiers; effective old/new ticker chain proving the historical security, not the reused ticker"
9794cf67-e693-56e2-a17c-75668eef72ec,GAS,AGL Resources Inc,GAS,NYSE,NONE,001204106,"{""CIK"":""0001004155"",""CUSIP"":""001204106""}",2011-12-12,RESOLVED_EXACT,2016-07-01,[],NO_REUSE_EVIDENCE,HIGH,False,False,True,1997-12-31,2016-06-30,1069,1069,0,100.0,False,False,False,False,False,False,True,HistoricalTickerComponents classification inputs: event=DELISTING; last cached EOD bar=2016-06-30; EODHD historical constituent is marked delisted,trading appears to terminate; legal event type and consideration are unknown,DELISTING,LOW,False,0,0,0,[],135,[],FACTOR_CHANGES_OBSERVED_REQUIRES_ACTION_LEDGER,NOT_RELEVANT_TO_TEST_WINDOW,"verified legal terminal event/effective date and delisting reason; cash/stock/CVR terms, successor ratio/identifier, or insolvency recovery as applicable"
ae524041-a752-5dc9-a4ee-f4f980dfefd8,GGP,General Growth Properties Inc ,GGP,NYSE,US36174X1019,370021107,"{""CIK"":""0001496048"",""CUSIP"":""370021107"",""ISIN"":""US36174X1019"",""LEI"":""549300K1JD1LDRNBET48""}",2013-12-10,RESOLVED_EXACT,2018-08-28,[],NO_REUSE_EVIDENCE,HIGH,False,False,True,1997-12-31,2018-08-27,1187,1187,0,100.0,False,False,False,False,False,False,True,HistoricalTickerComponents classification inputs: event=DELISTING; last cached EOD bar=2018-08-27; EODHD historical constituent is marked delisted,trading appears to terminate; legal event type and consideration are unknown,DELISTING,LOW,False,0,0,0,"[""2003-10-01"", ""2008-11-24""]",865,"[""2008-11-24""]",FACTOR_CHANGES_OBSERVED_REQUIRES_ACTION_LEDGER,NOT_RELEVANT_TO_TEST_WINDOW,"verified legal terminal event/effective date and delisting reason; cash/stock/CVR terms, successor ratio/identifier, or insolvency recovery as applicable"
e9fd7d35-8a80-5f2d-8d91-17e62d181495,GMCR,Green Mountain Coffee Roasters Inc,GMCR,NASDAQ,NONE,393122106,"{""CIK"":""0000909954"",""CUSIP"":""393122106""}",2014-03-24,RESOLVED_EXACT,2016-03-07,[],NO_REUSE_EVIDENCE,HIGH,False,False,True,1997-12-31,2016-03-02,492,490,2,99.59349593495935,False,False,False,False,False,False,True,HistoricalTickerComponents classification inputs: event=DELISTING; last cached EOD bar=2016-03-02; EODHD historical constituent is marked delisted,trading appears to terminate; legal event type and consideration are unknown,DELISTING,LOW,False,0,0,0,"[""2003-09-10""]",1994,"[""2001-01-12"", ""2003-09-10""]",FACTOR_CHANGES_OBSERVED_REQUIRES_ACTION_LEDGER,NOT_RELEVANT_TO_TEST_WINDOW,"verified legal terminal event/effective date and delisting reason; cash/stock/CVR terms, successor ratio/identifier, or insolvency recovery as applicable"
dd4e9677-8b50-51fd-bc63-89b612783a1b,HAR,Harman International Industries Inc./DE/,HAR,NYSE,NONE,413086109,"{""CIK"":""0000800459"",""CUSIP"":""413086109""}",2012-04-01,PRE_HISTORY_MEMBER,2017-03-16,[],NO_REUSE_EVIDENCE,HIGH,False,False,True,1997-12-31,2017-03-10,1246,1243,3,99.75922953451042,False,False,False,False,False,False,True,HistoricalTickerComponents classification inputs: event=DELISTING; last cached EOD bar=2017-03-10; EODHD historical constituent is marked delisted,trading appears to terminate; legal event type and consideration are unknown,DELISTING,LOW,False,0,0,0,"[""2003-09-10""]",489,"[""2000-09-20""]",FACTOR_CHANGES_OBSERVED_REQUIRES_ACTION_LEDGER,NOT_RELEVANT_TO_TEST_WINDOW,"verified legal terminal event/effective date and delisting reason; cash/stock/CVR terms, successor ratio/identifier, or insolvency recovery as applicable"
159e165f-32e0-51d0-95a7-b090550b5936,HCBK,Hudson City Bancorp Inc,HCBK,NASDAQ,NONE,443683107,"{""CIK"":""0000921847"",""CUSIP"":""443683107""}",2012-04-01,PRE_HISTORY_MEMBER,2015-11-03,[],NO_REUSE_EVIDENCE,HIGH,False,False,True,1999-07-13,2015-10-30,903,902,1,99.88925802879291,False,False,False,False,False,False,True,HistoricalTickerComponents classification inputs: event=DELISTING; last cached EOD bar=2015-10-30; EODHD historical constituent is marked delisted,trading appears to terminate; legal event type and consideration are unknown,DELISTING,LOW,False,0,0,0,[],13,[],FACTOR_CHANGES_OBSERVED_REQUIRES_ACTION_LEDGER,NOT_RELEVANT_TO_TEST_WINDOW,"verified legal terminal event/effective date and delisting reason; cash/stock/CVR terms, successor ratio/identifier, or insolvency recovery as applicable"
cdbe01d6-8ca5-5386-aa0f-6308b6d5eb2b,HSH,Hillshire Brands Company,HSH,NYSE,NONE,803111103,"{""CIK"":""0000023666"",""CUSIP"":""803111103""}",2012-04-01,PRE_HISTORY_MEMBER,2012-06-29,[],TICKER_REUSE_CONFIRMED,UNRESOLVED,True,True,False,2012-06-29,2020-07-21,62,0,62,0.0,True,True,True,True,True,False,False,HistoricalTickerComponents classification inputs: event=INDEX_REMOVAL_STILL_TRADING; last cached EOD bar=2020-07-21,"price series continues beyond index removal, but historical identity is not established",INDEX_REMOVAL_STILL_TRADING,HIGH,False,0,0,0,[],8,[],FACTOR_CHANGES_OBSERVED_REQUIRES_ACTION_LEDGER,NOT_RELEVANT_TO_TEST_WINDOW,"dated historical security crosswalk with stable issuer/security identifiers; effective old/new ticker chain proving the historical security, not the reused ticker"
7a63f47a-32d9-5d0c-80ce-4e90c8a48c7e,HSP,Hospira Inc,HSP,NYSE,NONE,441060100,"{""CIK"":""0001274057"",""CUSIP"":""441060100""}",2012-04-01,PRE_HISTORY_MEMBER,2015-09-03,[],NO_REUSE_EVIDENCE,HIGH,False,False,True,2004-05-03,2015-09-02,861,861,0,100.0,False,False,False,False,False,False,True,HistoricalTickerComponents classification inputs: event=DELISTING; last cached EOD bar=2015-09-02; EODHD historical constituent is marked delisted,trading appears to terminate; legal event type and consideration are unknown,DELISTING,LOW,False,0,0,0,[],0,[],NO_FACTOR_CHANGE_OBSERVED,NOT_RELEVANT_TO_TEST_WINDOW,"verified legal terminal event/effective date and delisting reason; cash/stock/CVR terms, successor ratio/identifier, or insolvency recovery as applicable"
5b1f761f-a293-5dd6-a282-b2078e2ba93b,IILGV,IILGV,IILGV,NASDAQ,NONE,NONE,{},2016-05-13,RESOLVED_EXACT,2016-05-16,[],NO_REUSE_EVIDENCE,LOW,False,False,True,NONE,NONE,1,0,1,0.0,False,False,False,False,False,False,True,HistoricalTickerComponents classification inputs: event=DELISTING; last cached EOD bar=NONE; EODHD historical constituent is marked delisted,trading appears to terminate; legal event type and consideration are unknown,DELISTING,LOW,False,0,0,0,[],0,[],NO_FACTOR_CHANGE_OBSERVED,NOT_RELEVANT_TO_TEST_WINDOW,"verified legal terminal event/effective date and delisting reason; cash/stock/CVR terms, successor ratio/identifier, or insolvency recovery as applicable"
238f0331-2f94-5fd4-9094-7ea9a3dae6ac,LEN-N,Lennar Corp.-Class B Temporary Placeholder Security (TPS),LEN-N,US,NONE,NONE,{},2017-11-09,RESOLVED_EXACT,2017-11-28,[],NO_REUSE_EVIDENCE,LOW,False,False,True,NONE,NONE,12,0,12,0.0,False,False,False,False,False,False,True,HistoricalTickerComponents classification inputs: event=DELISTING; last cached EOD bar=NONE; EODHD historical constituent is marked delisted,trading appears to terminate; legal event type and consideration are unknown,DELISTING,LOW,False,0,0,0,[],0,[],NO_FACTOR_CHANGE_OBSERVED,NOT_RELEVANT_TO_TEST_WINDOW,"verified legal terminal event/effective date and delisting reason; cash/stock/CVR terms, successor ratio/identifier, or insolvency recovery as applicable"
16e34f4c-e238-587f-9625-b7a0891211e9,LLL,JX Luxventure Ltd,LLL,NASDAQ,MHY460022038,NONE,"{""CIK"":""0001546383"",""ISIN"":""MHY460022038""}",2012-04-01,PRE_HISTORY_MEMBER,2019-07-01,"[{""company_name"":""JX Luxventure Limited Common Stock"",""effective"":""2022-10-10"",""exchange"":""US"",""new_symbol"":""JXJT"",""old_symbol"":""LLL""}]",TICKER_REUSE_CONFIRMED,UNRESOLVED,True,True,False,2021-10-13,2022-10-07,1822,0,1822,0.0,False,False,False,False,False,False,False,"HistoricalTickerComponents classification inputs: event=TICKER_CHANGE; last cached EOD bar=2022-10-07; symbol-change-history=[{""company_name"":""JX Luxventure Limited Common Stock"",""effective"":""2022-10-10"",""exchange"":""US"",""new_symbol"":""JXJT"",""old_symbol"":""LLL""}]",ticker change candidate; continuity requires stable-identifier corroboration,TICKER_CHANGE,MEDIUM,False,0,0,0,"[""2022-03-22""]",0,[],NO_FACTOR_CHANGE_OBSERVED,NOT_RELEVANT_TO_TEST_WINDOW,"dated historical security crosswalk with stable issuer/security identifiers; effective old/new ticker chain proving the historical security, not the reused ticker"
7c83f827-a912-5147-9773-06ad61b3dbd6,LLTC,Linear Technology Corp,LLTC,NASDAQ,US5356781063,535678106,"{""CIK"":""0000791907"",""CUSIP"":""535678106"",""ISIN"":""US5356781063""}",2012-04-01,PRE_HISTORY_MEMBER,2017-03-13,[],NO_REUSE_EVIDENCE,HIGH,False,False,True,1997-12-31,2017-03-10,1243,1243,0,100.0,False,False,False,False,False,False,True,HistoricalTickerComponents classification inputs: event=DELISTING; last cached EOD bar=2017-03-10; EODHD historical constituent is marked delisted,trading appears to terminate; legal event type and consideration are unknown,DELISTING,LOW,False,0,0,0,[],233,"[""1999-02-22"", ""2000-03-28""]",FACTOR_CHANGES_OBSERVED_REQUIRES_ACTION_LEDGER,NOT_RELEVANT_TO_TEST_WINDOW,"verified legal terminal event/effective date and delisting reason; cash/stock/CVR terms, successor ratio/identifier, or insolvency recovery as applicable"
91b07ef8-accb-5763-8c92-6c619d1f9876,LO,Lorillard Inc,LO,NYSE,US5441471019,544147101,"{""CIK"":""0001424847"",""CUSIP"":""544147101"",""ISIN"":""US5441471019""}",2008-06-10,RESOLVED_EXACT,2015-06-12,[],NO_REUSE_EVIDENCE,HIGH,False,False,True,2002-02-01,2015-06-11,803,803,0,100.0,False,False,False,False,False,False,True,HistoricalTickerComponents classification inputs: event=DELISTING; last cached EOD bar=2015-06-11; EODHD historical constituent is marked delisted,trading appears to terminate; legal event type and consideration are unknown,DELISTING,LOW,False,0,0,0,[],1,[],FACTOR_CHANGES_OBSERVED_REQUIRES_ACTION_LEDGER,NOT_RELEVANT_TO_TEST_WINDOW,"verified legal terminal event/effective date and delisting reason; cash/stock/CVR terms, successor ratio/identifier, or insolvency recovery as applicable"
dff17090-392f-5d42-89bf-5fcdff4a5fa3,MHS,MEDCO HEALTH SOLUTIONS INC,MHS,NYSE,NONE,58405U102,"{""CIK"":""0001170650"",""CUSIP"":""58405U102""}",2012-04-01,PRE_HISTORY_MEMBER,2012-04-04,[],NO_REUSE_EVIDENCE,HIGH,False,False,True,2003-08-20,2012-03-30,2,0,2,0.0,False,False,False,False,False,False,True,HistoricalTickerComponents classification inputs: event=DELISTING; last cached EOD bar=2012-03-30; EODHD historical constituent is marked delisted,trading appears to terminate; legal event type and consideration are unknown,DELISTING,LOW,False,0,0,0,[],1,[],FACTOR_CHANGES_OBSERVED_REQUIRES_ACTION_LEDGER,NOT_RELEVANT_TO_TEST_WINDOW,"verified legal terminal event/effective date and delisting reason; cash/stock/CVR terms, successor ratio/identifier, or insolvency recovery as applicable"
66cb2ee2-32ba-59e3-8876-71b981b905d9,MJN,Mead Johnson Nutrition CO,MJN,NYSE,NONE,582839106,"{""CIK"":""0001452575"",""CUSIP"":""582839106""}",2009-12-18,RESOLVED_EXACT,2017-06-19,[],NO_REUSE_EVIDENCE,HIGH,False,False,True,2009-02-11,2017-06-14,1311,1309,2,99.84744469870328,False,False,False,False,False,False,True,HistoricalTickerComponents classification inputs: event=DELISTING; last cached EOD bar=2017-06-14; EODHD historical constituent is marked delisted,trading appears to terminate; legal event type and consideration are unknown,DELISTING,LOW,False,0,0,0,[],32,[],FACTOR_CHANGES_OBSERVED_REQUIRES_ACTION_LEDGER,NOT_RELEVANT_TO_TEST_WINDOW,"verified legal terminal event/effective date and delisting reason; cash/stock/CVR terms, successor ratio/identifier, or insolvency recovery as applicable"
d265664f-9d62-5316-a99b-52f22a64274a,MMI,Marcus & Millichap Inc,MMI,NYSE,US5663241090,566324109,"{""CIK"":""0001578732"",""CUSIP"":""566324109"",""ISIN"":""US5663241090"",""LEI"":""549300B2HE8ULXNB1N48"",""OpenFigi"":""BBG005GBRSR6""}",2012-04-01,PRE_HISTORY_MEMBER,2012-05-25,[],TICKER_REUSE_CONFIRMED,UNRESOLVED,True,True,False,2013-10-31,2026-09-25,38,0,38,0.0,False,False,False,False,False,False,False,HistoricalTickerComponents classification inputs: event=INDEX_REMOVAL_STILL_TRADING; last cached EOD bar=2026-09-25,"price series continues beyond index removal, but historical identity is not established",INDEX_REMOVAL_STILL_TRADING,HIGH,False,0,0,0,[],11,[],FACTOR_CHANGES_OBSERVED_REQUIRES_ACTION_LEDGER,NOT_RELEVANT_TO_TEST_WINDOW,"dated historical security crosswalk with stable issuer/security identifiers; effective old/new ticker chain proving the historical security, not the reused ticker"
8c208d77-26c7-5cc6-aba1-67721c2f99c9,MOLX,Molex Inc,MOLX,NASDAQ,NONE,608554200,"{""CIK"":""0000067472"",""CUSIP"":""608554200""}",2012-04-01,PRE_HISTORY_MEMBER,2013-12-10,[],NO_REUSE_EVIDENCE,HIGH,False,False,True,1973-01-02,2013-12-09,425,425,0,100.0,False,False,False,False,False,False,True,HistoricalTickerComponents classification inputs: event=DELISTING; last cached EOD bar=2013-12-09; EODHD historical constituent is marked delisted,trading appears to terminate; legal event type and consideration are unknown,DELISTING,LOW,False,0,0,0,[],1948,[],FACTOR_CHANGES_OBSERVED_REQUIRES_ACTION_LEDGER,NOT_RELEVANT_TO_TEST_WINDOW,"verified legal terminal event/effective date and delisting reason; cash/stock/CVR terms, successor ratio/identifier, or insolvency recovery as applicable"
21a13834-b43f-5d49-910b-c1d244dea359,NFX_OLD,Newfield Exploration Company,NFX_old,NYSE,US6512901082,651290108,"{""CIK"":""0000912750"",""CUSIP"":""651290108"",""ISIN"":""US6512901082"",""LEI"":""T8W3X1PFLPW2YE0UIP44""}",2010-12-17,RESOLVED_EXACT,2019-02-15,[],NO_REUSE_EVIDENCE,HIGH,False,False,True,1997-12-31,2019-02-13,1729,1728,1,99.94216310005784,False,False,False,False,False,False,True,HistoricalTickerComponents classification inputs: event=DELISTING; last cached EOD bar=2019-02-13; EODHD historical constituent is marked delisted,trading appears to terminate; legal event type and consideration are unknown,DELISTING,LOW,False,0,0,0,[],1,"[""2005-05-26""]",FACTOR_CHANGES_OBSERVED_REQUIRES_ACTION_LEDGER,NOT_RELEVANT_TO_TEST_WINDOW,"verified legal terminal event/effective date and delisting reason; cash/stock/CVR terms, successor ratio/identifier, or insolvency recovery as applicable"
41fa6f32-a959-59ec-afd3-1506c2008c51,NYX_OLD,"NYIAX, Inc. Common Stock",NYX_old,NYSE,NONE,629491101,"{""CIK"":""0001368007"",""CUSIP"":""629491101"",""OpenFigi"":""BBG00J0B51J5""}",2012-04-01,PRE_HISTORY_MEMBER,2013-11-13,[],NO_REUSE_EVIDENCE,HIGH,False,False,True,2004-08-16,2013-11-12,407,407,0,100.0,False,False,False,False,False,False,True,HistoricalTickerComponents classification inputs: event=DELISTING; last cached EOD bar=2013-11-12; EODHD historical constituent is marked delisted,trading appears to terminate; legal event type and consideration are unknown,DELISTING,LOW,False,0,0,0,[],0,[],NO_FACTOR_CHANGE_OBSERVED,NOT_RELEVANT_TO_TEST_WINDOW,"verified legal terminal event/effective date and delisting reason; cash/stock/CVR terms, successor ratio/identifier, or insolvency recovery as applicable"
e09e9b6b-26ce-5456-8414-3f82179aa829,PCL_OLD,Plum Creek Timber Company. Inc,PCL_old,NYSE,US7292511083,729251108,"{""CIK"":""0000849213"",""CUSIP"":""729251108"",""ISIN"":""US7292511083""}",2012-04-01,PRE_HISTORY_MEMBER,2016-02-22,[],NO_REUSE_EVIDENCE,HIGH,False,False,True,1997-12-31,2016-02-19,977,977,0,100.0,False,False,False,False,False,False,True,HistoricalTickerComponents classification inputs: event=DELISTING; last cached EOD bar=2016-02-19; EODHD historical constituent is marked delisted,trading appears to terminate; legal event type and consideration are unknown,DELISTING,LOW,False,0,0,0,[],71,[],FACTOR_CHANGES_OBSERVED_REQUIRES_ACTION_LEDGER,NOT_RELEVANT_TO_TEST_WINDOW,"verified legal terminal event/effective date and delisting reason; cash/stock/CVR terms, successor ratio/identifier, or insolvency recovery as applicable"
3166e41d-9c7f-56d1-9c15-b91bf7cefac7,PCP,Precision Castparts Corp,PCP,NYSE,US7401891053,740189105,"{""CIK"":""0000079958"",""CUSIP"":""740189105"",""ISIN"":""US7401891053"",""LEI"":""0XOOAY5P5J7Q734SEC89""}",2012-04-01,PRE_HISTORY_MEMBER,2016-02-01,[],NO_REUSE_EVIDENCE,HIGH,False,False,True,1997-12-31,2016-01-29,963,963,0,100.0,False,False,False,False,False,False,True,HistoricalTickerComponents classification inputs: event=DELISTING; last cached EOD bar=2016-01-29; EODHD historical constituent is marked delisted,trading appears to terminate; legal event type and consideration are unknown,DELISTING,LOW,False,0,0,0,"[""2003-09-10""]",523,"[""2000-09-22""]",FACTOR_CHANGES_OBSERVED_REQUIRES_ACTION_LEDGER,NOT_RELEVANT_TO_TEST_WINDOW,"verified legal terminal event/effective date and delisting reason; cash/stock/CVR terms, successor ratio/identifier, or insolvency recovery as applicable"
807fc97c-c898-5618-945d-1912a8a43218,PETM,PetSmart Inc,PETM,NASDAQ,NONE,716768106,"{""CIK"":""0000863157"",""CUSIP"":""716768106""}",2012-10-05,RESOLVED_EXACT,2015-03-12,[],NO_REUSE_EVIDENCE,HIGH,False,False,True,1997-12-31,2015-03-11,609,609,0,100.0,False,False,False,False,False,False,True,HistoricalTickerComponents classification inputs: event=DELISTING; last cached EOD bar=2015-03-11; EODHD historical constituent is marked delisted,trading appears to terminate; legal event type and consideration are unknown,DELISTING,LOW,False,0,0,0,[],0,[],NO_FACTOR_CHANGE_OBSERVED,NOT_RELEVANT_TO_TEST_WINDOW,"verified legal terminal event/effective date and delisting reason; cash/stock/CVR terms, successor ratio/identifier, or insolvency recovery as applicable"
5df324ca-a61b-5eb7-9600-5dd88f2d6e19,PGN,Paragon Offshore plc,PGN,OTCMKTS,NONE,NONE,"{""CIK"":""0001594590""}",2012-04-01,PRE_HISTORY_MEMBER,2012-07-02,[],TICKER_REUSE_CONFIRMED,UNRESOLVED,True,True,False,2014-07-21,2015-12-17,63,0,63,0.0,False,False,False,False,False,False,False,HistoricalTickerComponents classification inputs: event=INDEX_REMOVAL_STILL_TRADING; last cached EOD bar=2015-12-17,"price series continues beyond index removal, but historical identity is not established",INDEX_REMOVAL_STILL_TRADING,HIGH,False,0,0,0,[],0,[],NO_FACTOR_CHANGE_OBSERVED,NOT_RELEVANT_TO_TEST_WINDOW,"dated historical security crosswalk with stable issuer/security identifiers; effective old/new ticker chain proving the historical security, not the reused ticker"
f2d292ed-cfe3-567c-98f9-98923077dcf6,PLL,Piedmont Lithium Ltd ADR,PLL,NASDAQ,US72016P1057,720162106,"{""CIK"":""0001718226"",""CUSIP"":""720162106"",""ISIN"":""US72016P1057"",""OpenFigi"":""BBG00YJ7NBQ1""}",2012-04-01,PRE_HISTORY_MEMBER,2015-08-31,[],TICKER_REUSE_CONFIRMED,UNRESOLVED,True,True,False,2017-11-07,2025-08-29,858,0,858,0.0,False,False,False,False,False,False,False,HistoricalTickerComponents classification inputs: event=INDEX_REMOVAL_STILL_TRADING; last cached EOD bar=2025-08-29,"price series continues beyond index removal, but historical identity is not established",INDEX_REMOVAL_STILL_TRADING,HIGH,False,0,0,0,"[""2020-09-28""]",0,[],NO_FACTOR_CHANGE_OBSERVED,NOT_RELEVANT_TO_TEST_WINDOW,"dated historical security crosswalk with stable issuer/security identifiers; effective old/new ticker chain proving the historical security, not the reused ticker"
1d0d2cc2-7ab9-50ac-a864-e48e725b2cf6,POM_OLD,Pepco Holdings Inc,POM_old,NYSE,NONE,737679100,"{""CIK"":""0001135971"",""CUSIP"":""737679100""}",2012-04-01,PRE_HISTORY_MEMBER,2016-03-30,[],NO_REUSE_EVIDENCE,HIGH,False,False,True,1997-12-31,2016-03-23,1003,1000,3,99.70089730807578,False,False,False,False,False,False,True,HistoricalTickerComponents classification inputs: event=DELISTING; last cached EOD bar=2016-03-23; EODHD historical constituent is marked delisted,trading appears to terminate; legal event type and consideration are unknown,DELISTING,LOW,False,0,0,0,[],77,[],FACTOR_CHANGES_OBSERVED_REQUIRES_ACTION_LEDGER,NOT_RELEVANT_TO_TEST_WINDOW,"verified legal terminal event/effective date and delisting reason; cash/stock/CVR terms, successor ratio/identifier, or insolvency recovery as applicable"
757f200b-bdaa-5708-bb18-d99904408dc9,RAI,Reynolds American Inc,RAI,NYSE,NONE,761713106,"{""CIK"":""0001275283"",""CUSIP"":""761713106""}",2012-04-01,PRE_HISTORY_MEMBER,2017-07-26,[],NO_REUSE_EVIDENCE,HIGH,False,False,True,1999-06-01,2017-07-24,1337,1336,1,99.925205684368,False,False,False,False,False,False,True,HistoricalTickerComponents classification inputs: event=DELISTING; last cached EOD bar=2017-07-24; EODHD historical constituent is marked delisted,trading appears to terminate; legal event type and consideration are unknown,DELISTING,LOW,False,0,0,0,[],1425,[],FACTOR_CHANGES_OBSERVED_REQUIRES_ACTION_LEDGER,NOT_RELEVANT_TO_TEST_WINDOW,"verified legal terminal event/effective date and delisting reason; cash/stock/CVR terms, successor ratio/identifier, or insolvency recovery as applicable"
350696fb-5637-52e8-9af7-bf1234f81bf5,RHT,Red Hat Inc,RHT,NYSE,US7565771026,756577102,"{""CIK"":""0001087423"",""CUSIP"":""756577102"",""ISIN"":""US7565771026"",""LEI"":""08C2IQ0VM1B2PBTVHC56""}",2012-04-01,PRE_HISTORY_MEMBER,2019-07-15,[],NO_REUSE_EVIDENCE,HIGH,False,False,True,1999-08-11,2019-07-08,1831,1827,4,99.7815401419989,False,False,False,False,False,False,True,HistoricalTickerComponents classification inputs: event=DELISTING; last cached EOD bar=2019-07-08; EODHD historical constituent is marked delisted,trading appears to terminate; legal event type and consideration are unknown,DELISTING,LOW,False,0,0,0,"[""2000-01-10""]",1,"[""2000-01-10""]",FACTOR_CHANGES_OBSERVED_REQUIRES_ACTION_LEDGER,NOT_RELEVANT_TO_TEST_WINDOW,"verified legal terminal event/effective date and delisting reason; cash/stock/CVR terms, successor ratio/identifier, or insolvency recovery as applicable"
9e4f520d-0ac9-5afa-b445-6098845cb5d5,RTN,Raytheon Company,RTN,NYSE,US7551115071,755111408,"{""CIK"":""0001047122"",""CUSIP"":""755111408"",""ISIN"":""US7551115071""}",2012-04-01,PRE_HISTORY_MEMBER,2020-04-06,[],NO_REUSE_EVIDENCE,HIGH,False,False,True,1997-12-31,2020-04-02,2015,2014,1,99.95037220843672,False,False,False,False,False,False,True,HistoricalTickerComponents classification inputs: event=DELISTING; last cached EOD bar=2020-04-02; EODHD historical constituent is marked delisted,trading appears to terminate; legal event type and consideration are unknown,DELISTING,LOW,False,0,0,0,[],88,"[""2001-05-14""]",FACTOR_CHANGES_OBSERVED_REQUIRES_ACTION_LEDGER,NOT_RELEVANT_TO_TEST_WINDOW,"verified legal terminal event/effective date and delisting reason; cash/stock/CVR terms, successor ratio/identifier, or insolvency recovery as applicable"
b91c275e-a83b-5be7-b3ad-f9bec3343811,S,SentinelOne Inc,S,NYSE,US81730H1095,81730H109,"{""CIK"":""0001583708"",""CUSIP"":""81730H109"",""ISIN"":""US81730H1095"",""OpenFigi"":""BBG00B6F2F09""}",2012-04-01,PRE_HISTORY_MEMBER,2013-07-09,[],TICKER_REUSE_CONFIRMED,UNRESOLVED,True,True,False,2021-06-30,2026-09-25,317,0,317,0.0,False,False,False,False,False,False,False,HistoricalTickerComponents classification inputs: event=INDEX_REMOVAL_STILL_TRADING; last cached EOD bar=2026-09-25,"price series continues beyond index removal, but historical identity is not established",INDEX_REMOVAL_STILL_TRADING,HIGH,False,0,0,0,[],0,[],NO_FACTOR_CHANGE_OBSERVED,NOT_RELEVANT_TO_TEST_WINDOW,"dated historical security crosswalk with stable issuer/security identifiers; effective old/new ticker chain proving the historical security, not the reused ticker"
1a4e0539-5c27-50a6-bee8-1994c7f35aef,SCG,SCANA Corporation,SCG,NYSE,US80589M1027,805898103,"{""CIK"":""0000754737"",""CUSIP"":""805898103"",""ISIN"":""US80589M1027"",""LEI"":""V8HA8TAJG10VL0G7B254""}",2012-04-01,PRE_HISTORY_MEMBER,2019-01-02,[],NO_REUSE_EVIDENCE,HIGH,False,False,True,1997-12-31,2018-12-31,1698,1698,0,100.0,False,False,False,False,False,False,True,HistoricalTickerComponents classification inputs: event=DELISTING; last cached EOD bar=2018-12-31; EODHD historical constituent is marked delisted,trading appears to terminate; legal event type and consideration are unknown,DELISTING,LOW,False,0,0,0,[],77,[],FACTOR_CHANGES_OBSERVED_REQUIRES_ACTION_LEDGER,NOT_RELEVANT_TO_TEST_WINDOW,"verified legal terminal event/effective date and delisting reason; cash/stock/CVR terms, successor ratio/identifier, or insolvency recovery as applicable"
dde78733-9194-5c83-bf47-79efa6dd55fa,SE,Sea Ltd,SE,NYSE,US81141R1005,81141R100,"{""CIK"":""0001703399"",""CUSIP"":""81141R100"",""ISIN"":""US81141R1005"",""LEI"":""529900OM6JLLW44YKI15"",""OpenFigi"":""BBG00HTBWMG5""}",2012-04-01,PRE_HISTORY_MEMBER,2017-02-28,[],TICKER_REUSE_CONFIRMED,UNRESOLVED,True,True,False,2017-10-20,2026-09-25,1234,0,1234,0.0,False,False,False,False,False,False,False,HistoricalTickerComponents classification inputs: event=INDEX_REMOVAL_STILL_TRADING; last cached EOD bar=2026-09-25,"price series continues beyond index removal, but historical identity is not established",INDEX_REMOVAL_STILL_TRADING,HIGH,False,0,0,0,[],0,[],NO_FACTOR_CHANGE_OBSERVED,NOT_RELEVANT_TO_TEST_WINDOW,"dated historical security crosswalk with stable issuer/security identifiers; effective old/new ticker chain proving the historical security, not the reused ticker"
5ac2cf40-040d-5e79-8ce2-86f196570c17,SIAL,Sigma-Aldrich Corp,SIAL,NASDAQ,NONE,826552101,"{""CIK"":""0000090185"",""CUSIP"":""826552101""}",2012-04-01,PRE_HISTORY_MEMBER,2015-11-19,[],NO_REUSE_EVIDENCE,HIGH,False,False,True,1997-12-31,2015-11-18,915,915,0,100.0,False,False,False,False,False,False,True,HistoricalTickerComponents classification inputs: event=DELISTING; last cached EOD bar=2015-11-18; EODHD historical constituent is marked delisted,trading appears to terminate; legal event type and consideration are unknown,DELISTING,LOW,False,0,0,0,[],204,[],FACTOR_CHANGES_OBSERVED_REQUIRES_ACTION_LEDGER,NOT_RELEVANT_TO_TEST_WINDOW,"verified legal terminal event/effective date and delisting reason; cash/stock/CVR terms, successor ratio/identifier, or insolvency recovery as applicable"
323968cb-865d-5130-9c78-b7344e91a4f6,SNDK_OLD,SanDisk Corp,SNDK_old,NASDAQ,NONE,80004C101,"{""CIK"":""0001000180"",""CUSIP"":""80004C101""}",2012-04-01,PRE_HISTORY_MEMBER,2016-05-13,[],NO_REUSE_EVIDENCE,HIGH,False,False,True,1997-12-31,2016-05-11,1035,1034,1,99.90338164251207,False,False,False,False,False,False,True,HistoricalTickerComponents classification inputs: event=DELISTING; last cached EOD bar=2016-05-11; EODHD historical constituent is marked delisted,trading appears to terminate; legal event type and consideration are unknown,DELISTING,LOW,False,0,0,0,[],551,"[""2000-02-23""]",FACTOR_CHANGES_OBSERVED_REQUIRES_ACTION_LEDGER,NOT_RELEVANT_TO_TEST_WINDOW,"verified legal terminal event/effective date and delisting reason; cash/stock/CVR terms, successor ratio/identifier, or insolvency recovery as applicable"
fd35e0ff-e1a0-5cc0-a725-5d72362d56e3,SNI,Scripps Networks Interactive Inc,SNI,NYSE,US8110651010,811065101,"{""CIK"":""0001430602"",""CUSIP"":""811065101"",""ISIN"":""US8110651010"",""LEI"":""549300AI1MM5VBF43K58""}",2012-04-01,PRE_HISTORY_MEMBER,2018-03-07,[],NO_REUSE_EVIDENCE,HIGH,False,False,True,2008-06-12,2018-03-06,1491,1491,0,100.0,False,False,False,False,False,False,True,HistoricalTickerComponents classification inputs: event=DELISTING; last cached EOD bar=2018-03-06; EODHD historical constituent is marked delisted,trading appears to terminate; legal event type and consideration are unknown,DELISTING,LOW,False,0,0,0,[],39,[],FACTOR_CHANGES_OBSERVED_REQUIRES_ACTION_LEDGER,NOT_RELEVANT_TO_TEST_WINDOW,"verified legal terminal event/effective date and delisting reason; cash/stock/CVR terms, successor ratio/identifier, or insolvency recovery as applicable"
20e39d2b-ddb9-5520-8565-6c99bc05021c,SPLS_OLD,Staples Inc,SPLS_old,NASDAQ,NONE,855030102,"{""CIK"":""0000791519"",""CUSIP"":""855030102""}",2012-04-01,PRE_HISTORY_MEMBER,2017-09-18,[],NO_REUSE_EVIDENCE,HIGH,False,False,True,1997-12-31,2017-09-12,1374,1371,3,99.78165938864629,False,False,False,False,False,False,True,HistoricalTickerComponents classification inputs: event=DELISTING; last cached EOD bar=2017-09-12; EODHD historical constituent is marked delisted,trading appears to terminate; legal event type and consideration are unknown,DELISTING,LOW,False,0,0,0,[],447,[],FACTOR_CHANGES_OBSERVED_REQUIRES_ACTION_LEDGER,NOT_RELEVANT_TO_TEST_WINDOW,"verified legal terminal event/effective date and delisting reason; cash/stock/CVR terms, successor ratio/identifier, or insolvency recovery as applicable"
70bc8dba-26cf-5c78-b592-6e16f5faef1f,STI,Solidion Technology Inc.,STI,NASDAQ,US8342122012,NONE,"{""CIK"":""0001881551"",""ISIN"":""US8342122012"",""OpenFigi"":""BBG013KL70L2""}",2012-04-01,PRE_HISTORY_MEMBER,2019-12-09,"[{""company_name"":""Solidion Technology, Inc. Common Stock"",""effective"":""2024-02-05"",""exchange"":""US"",""new_symbol"":""STI"",""old_symbol"":""NUBI""}]",TICKER_REUSE_CONFIRMED,UNRESOLVED,True,True,False,2022-05-02,2026-09-25,1934,0,1934,0.0,False,False,False,False,False,False,False,"HistoricalTickerComponents classification inputs: event=TICKER_CHANGE; last cached EOD bar=2026-09-25; symbol-change-history=[{""company_name"":""Solidion Technology, Inc. Common Stock"",""effective"":""2024-02-05"",""exchange"":""US"",""new_symbol"":""STI"",""old_symbol"":""NUBI""}]",ticker change candidate; continuity requires stable-identifier corroboration,TICKER_CHANGE,MEDIUM,False,0,0,0,"[""2024-03-11"", ""2025-05-12"", ""2025-09-03"", ""2025-10-13"", ""2026-06-04""]",1,[],FACTOR_CHANGES_OBSERVED_REQUIRES_ACTION_LEDGER,NOT_RELEVANT_TO_TEST_WINDOW,"dated historical security crosswalk with stable issuer/security identifiers; effective old/new ticker chain proving the historical security, not the reused ticker"
a082c30d-343c-59ca-aa29-f146e8a333aa,STJ,St. Jude Medical Inc,STJ,NYSE,NONE,790849103,"{""CIK"":""0000203077"",""CUSIP"":""790849103""}",2012-04-01,PRE_HISTORY_MEMBER,2017-01-05,[],NO_REUSE_EVIDENCE,HIGH,False,False,True,1997-12-31,2017-01-04,1198,1198,0,100.0,False,False,False,False,False,False,True,HistoricalTickerComponents classification inputs: event=DELISTING; last cached EOD bar=2017-01-04; EODHD historical constituent is marked delisted,trading appears to terminate; legal event type and consideration are unknown,DELISTING,LOW,False,0,0,0,[],745,"[""2002-07-01"", ""2004-11-23""]",FACTOR_CHANGES_OBSERVED_REQUIRES_ACTION_LEDGER,NOT_RELEVANT_TO_TEST_WINDOW,"verified legal terminal event/effective date and delisting reason; cash/stock/CVR terms, successor ratio/identifier, or insolvency recovery as applicable"
a3e8e1b8-f7f6-5f24-bf07-078e1132265f,TEG,Integrys Holding Inc,TEG,NYSE,US45822P1057,976843805,"{""CIK"":""0000916863"",""CUSIP"":""976843805"",""ISIN"":""US45822P1057""}",2012-04-01,PRE_HISTORY_MEMBER,2015-07-01,[],NO_REUSE_EVIDENCE,HIGH,False,False,True,1997-12-31,2015-06-29,816,815,1,99.87745098039215,False,False,False,False,False,False,True,HistoricalTickerComponents classification inputs: event=DELISTING; last cached EOD bar=2015-06-29; EODHD historical constituent is marked delisted,trading appears to terminate; legal event type and consideration are unknown,DELISTING,LOW,False,0,0,0,[],0,[],NO_FACTOR_CHANGE_OBSERVED,NOT_RELEVANT_TO_TEST_WINDOW,"verified legal terminal event/effective date and delisting reason; cash/stock/CVR terms, successor ratio/identifier, or insolvency recovery as applicable"
a8f2084f-5678-5753-9f7b-a17a91cb2e5d,TE_OLD1,TECO ENERGY INC,TE_old1,NYSE,NONE,872375100,"{""CIK"":""0000350563"",""CUSIP"":""872375100""}",2012-04-01,PRE_HISTORY_MEMBER,2016-07-01,[],NO_REUSE_EVIDENCE,HIGH,False,False,True,1997-12-31,2016-06-30,1069,1069,0,100.0,False,False,False,False,False,False,True,HistoricalTickerComponents classification inputs: event=DELISTING; last cached EOD bar=2016-06-30; EODHD historical constituent is marked delisted,trading appears to terminate; legal event type and consideration are unknown,DELISTING,LOW,False,0,0,0,[],133,[],FACTOR_CHANGES_OBSERVED_REQUIRES_ACTION_LEDGER,NOT_RELEVANT_TO_TEST_WINDOW,"verified legal terminal event/effective date and delisting reason; cash/stock/CVR terms, successor ratio/identifier, or insolvency recovery as applicable"
2ac87709-f447-58e2-8e44-e7224eabe404,TSS,Total System Services Inc,TSS,NYSE,US8919061098,891906109,"{""CIK"":""0000721683"",""CUSIP"":""891906109"",""ISIN"":""US8919061098"",""LEI"":""549300K2XYGKNY5L1X73""}",2012-04-01,PRE_HISTORY_MEMBER,2019-09-23,[],NO_REUSE_EVIDENCE,HIGH,False,False,True,1997-12-31,2019-09-17,1880,1877,3,99.84042553191489,False,False,False,False,False,False,True,HistoricalTickerComponents classification inputs: event=DELISTING; last cached EOD bar=2019-09-17; EODHD historical constituent is marked delisted,trading appears to terminate; legal event type and consideration are unknown,DELISTING,LOW,False,0,0,0,[],96,[],FACTOR_CHANGES_OBSERVED_REQUIRES_ACTION_LEDGER,NOT_RELEVANT_TO_TEST_WINDOW,"verified legal terminal event/effective date and delisting reason; cash/stock/CVR terms, successor ratio/identifier, or insolvency recovery as applicable"
5969511a-bad8-5152-be44-b1b8a9e9ac9e,TWC,Time Warner Cable Inc,TWC,NYSE,NONE,88732J108,"{""CIK"":""0001377013"",""CUSIP"":""88732J108""}",2012-04-01,PRE_HISTORY_MEMBER,2016-05-18,[],NO_REUSE_EVIDENCE,HIGH,False,False,True,2007-01-10,2016-05-17,1038,1038,0,100.0,False,False,False,False,False,False,True,HistoricalTickerComponents classification inputs: event=DELISTING; last cached EOD bar=2016-05-17; EODHD historical constituent is marked delisted,trading appears to terminate; legal event type and consideration are unknown,DELISTING,LOW,False,0,0,0,[],28,[],FACTOR_CHANGES_OBSERVED_REQUIRES_ACTION_LEDGER,NOT_RELEVANT_TO_TEST_WINDOW,"verified legal terminal event/effective date and delisting reason; cash/stock/CVR terms, successor ratio/identifier, or insolvency recovery as applicable"
ef63c349-dde3-52c3-babe-f509e95b7a93,TWX,Time Warner Inc,TWX,NYSE,US8873173038,00184A105,"{""CIK"":""0001105705"",""CUSIP"":""00184A105"",""ISIN"":""US8873173038"",""LEI"":""KNG3XRAA0RHN9H62OK76""}",2012-04-01,PRE_HISTORY_MEMBER,2018-06-20,[],NO_REUSE_EVIDENCE,HIGH,False,False,True,1997-12-31,2018-06-15,1564,1562,2,99.87212276214834,False,False,False,False,False,False,True,HistoricalTickerComponents classification inputs: event=DELISTING; last cached EOD bar=2018-06-15; EODHD historical constituent is marked delisted,trading appears to terminate; legal event type and consideration are unknown,DELISTING,LOW,False,0,0,0,"[""2009-03-30""]",150,"[""1998-03-17"", ""1998-11-18"", ""1999-02-23"", ""1999-11-23""]",FACTOR_CHANGES_OBSERVED_REQUIRES_ACTION_LEDGER,NOT_RELEVANT_TO_TEST_WINDOW,"verified legal terminal event/effective date and delisting reason; cash/stock/CVR terms, successor ratio/identifier, or insolvency recovery as applicable"
02e16071-7649-5a32-90fe-5ada726b35ef,VAL,Valaris Ltd,VAL,NYSE,BMG9460G1015,G9460G101,"{""CIK"":""0000314808"",""CUSIP"":""G9460G101"",""ISIN"":""BMG9460G1015"",""OpenFigi"":""BBG010JW9K49""}",2012-07-31,RESOLVED_EXACT,2016-03-30,[],TICKER_REUSE_CONFIRMED,UNRESOLVED,True,True,False,2021-05-03,2026-09-25,920,0,920,0.0,False,False,False,False,False,False,False,HistoricalTickerComponents classification inputs: event=INDEX_REMOVAL_STILL_TRADING; last cached EOD bar=2026-09-25,"price series continues beyond index removal, but historical identity is not established",INDEX_REMOVAL_STILL_TRADING,HIGH,False,0,0,0,[],0,[],NO_FACTOR_CHANGE_OBSERVED,NOT_RELEVANT_TO_TEST_WINDOW,"dated historical security crosswalk with stable issuer/security identifiers; effective old/new ticker chain proving the historical security, not the reused ticker"
8ee64497-c4f0-56fa-8203-7b7251aa9644,VAR,Varian Medical Systems Inc,VAR,NYSE,US92220P1057,922204102,"{""CIK"":""0000203527"",""CUSIP"":""922204102"",""ISIN"":""US92220P1057"",""LEI"":""TK3LAKL7I0QNTCVWSY07""}",2012-04-01,PRE_HISTORY_MEMBER,2021-04-20,[],NO_REUSE_EVIDENCE,HIGH,False,False,True,1980-03-17,2021-04-15,2276,2274,2,99.91212653778558,False,False,False,False,False,False,True,HistoricalTickerComponents classification inputs: event=DELISTING; last cached EOD bar=2021-04-15; EODHD historical constituent is marked delisted,trading appears to terminate; legal event type and consideration are unknown,DELISTING,LOW,False,0,0,0,"[""1980-03-27"", ""1980-03-28"", ""1983-12-27"", ""1984-12-24"", ""1987-12-24"", ""1988-12-22"", ""1989-12-26"", ""1990-12-24"", ""1991-12-23""]",2620,"[""1980-03-27"", ""1980-03-28"", ""1983-12-27"", ""1984-12-24"", ""1987-12-24"", ""1988-12-22"", ""1989-12-26"", ""1990-12-24"", ""1991-12-23"", ""2004-08-02""]",FACTOR_CHANGES_OBSERVED_REQUIRES_ACTION_LEDGER,NOT_RELEVANT_TO_TEST_WINDOW,"verified legal terminal event/effective date and delisting reason; cash/stock/CVR terms, successor ratio/identifier, or insolvency recovery as applicable"
fc896b2c-6cc3-5a59-b9ab-9e30282759cb,VIAB,Viacom Inc,VIAB,NASDAQ,US92553P2011,925524100,"{""CIK"":""0001339947"",""CUSIP"":""925524100"",""ISIN"":""US92553P2011"",""LEI"":""X0ST5BPF0CZG9FE5OV61""}",2012-04-01,PRE_HISTORY_MEMBER,2019-12-05,[],NO_REUSE_EVIDENCE,HIGH,False,False,True,2005-12-05,2019-12-04,1932,1932,0,100.0,False,False,False,False,False,False,True,HistoricalTickerComponents classification inputs: event=DELISTING; last cached EOD bar=2019-12-04; EODHD historical constituent is marked delisted,trading appears to terminate; legal event type and consideration are unknown,DELISTING,LOW,False,0,0,0,[],38,[],FACTOR_CHANGES_OBSERVED_REQUIRES_ACTION_LEDGER,NOT_RELEVANT_TO_TEST_WINDOW,"verified legal terminal event/effective date and delisting reason; cash/stock/CVR terms, successor ratio/identifier, or insolvency recovery as applicable"
a2c4b2f5-ee67-5115-93e6-3ff10b733396,WCG,WellCare Health Plans Inc,WCG,NYSE,US94946T1060,94946T106,"{""CIK"":""0001279363"",""CUSIP"":""94946T106"",""ISIN"":""US94946T1060"",""LEI"":""529900JCT1MMTWHZ5P23""}",2018-09-17,RESOLVED_EXACT,2020-01-28,[],NO_REUSE_EVIDENCE,HIGH,False,False,True,2004-07-01,2020-01-23,342,340,2,99.41520467836257,False,False,False,False,False,False,True,HistoricalTickerComponents classification inputs: event=DELISTING; last cached EOD bar=2020-01-23; EODHD historical constituent is marked delisted,trading appears to terminate; legal event type and consideration are unknown,DELISTING,LOW,False,0,0,0,[],8,[],FACTOR_CHANGES_OBSERVED_REQUIRES_ACTION_LEDGER,NOT_RELEVANT_TO_TEST_WINDOW,"verified legal terminal event/effective date and delisting reason; cash/stock/CVR terms, successor ratio/identifier, or insolvency recovery as applicable"
89f584de-0124-5780-a5fa-7fa407871d1a,WFM,Whole Foods Market Inc,WFM,NASDAQ,NONE,966837106,"{""CIK"":""0000865436"",""CUSIP"":""966837106""}",2012-04-01,PRE_HISTORY_MEMBER,2017-08-29,[],NO_REUSE_EVIDENCE,HIGH,False,False,True,1992-01-24,2017-08-25,1361,1360,1,99.92652461425422,False,False,False,False,False,False,True,HistoricalTickerComponents classification inputs: event=DELISTING; last cached EOD bar=2017-08-25; EODHD historical constituent is marked delisted,trading appears to terminate; legal event type and consideration are unknown,DELISTING,LOW,False,0,0,0,[],1331,[],FACTOR_CHANGES_OBSERVED_REQUIRES_ACTION_LEDGER,NOT_RELEVANT_TO_TEST_WINDOW,"verified legal terminal event/effective date and delisting reason; cash/stock/CVR terms, successor ratio/identifier, or insolvency recovery as applicable"
c85b3ac6-bf5d-531c-ad2f-81303ef9b3ab,YHOO,Yahoo! Inc,YHOO,NASDAQ,US9843321061,984332106,"{""CIK"":""0001962736"",""CUSIP"":""984332106"",""ISIN"":""US9843321061""}",1999-12-08,RESOLVED_EXACT,2017-06-19,[],NO_REUSE_EVIDENCE,HIGH,False,False,True,1997-12-31,2017-06-16,1311,1311,0,100.0,False,False,False,False,False,False,True,HistoricalTickerComponents classification inputs: event=DELISTING; last cached EOD bar=2017-06-16; EODHD historical constituent is marked delisted,trading appears to terminate; legal event type and consideration are unknown,DELISTING,LOW,False,0,0,0,"[""2003-09-10""]",204,"[""1998-08-03"", ""1999-02-08"", ""2000-02-14""]",FACTOR_CHANGES_OBSERVED_REQUIRES_ACTION_LEDGER,NOT_RELEVANT_TO_TEST_WINDOW,"verified legal terminal event/effective date and delisting reason; cash/stock/CVR terms, successor ratio/identifier, or insolvency recovery as applicable"
